,Posizione,Interprete,Canzone,Anno,Autori,Posizione_numerica,Stato,Artista_spotify,Popolarità,Anno_ultimo_rilascio,Presentatore,Sede,Partecipanti,,,
0,1º,Nilla Pizzi,Grazie dei fiori,1951,Gian Carlo Testoni e Mario Panzeri,1,Vincitore,,,,Nunzio Filogamo,Casinò di Sanremo,3,,,
1,2º,Nilla Pizzi e Achille Togliani,La luna si veste d'argento,1951,Biri,2,Finalista,,,,Nunzio Filogamo,Casinò di Sanremo,3,,,
2,3º,Achille Togliani,Serenata a nessuno,1951,Walter Colì,3,Finalista,,,,Nunzio Filogamo,Casinò di Sanremo,3,,,
3,F,Achille Togliani e Duo Fasano,Al mercato di Pizzighettone,1951,Aldo Locatelli,,Finalista,,,,Nunzio Filogamo,Casinò di Sanremo,3,,,
4,F,Nilla Pizzi e Achille Togliani,Eco tra gli abeti,1951,Enzo Bonagura,,Finalista,,,,Nunzio Filogamo,Casinò di Sanremo,3,,,
5,F,Achille Togliani e Duo Fasano,Famme durmì,1951,Danpa,,Finalista,,,,Nunzio Filogamo,Casinò di Sanremo,3,,,
6,F,Duo Fasano,La cicogna distratta,1951,Aldo Valleroni e Da Rovere,,Finalista,,,,Nunzio Filogamo,Casinò di Sanremo,3,,,
7,F,Nilla Pizzi e Duo Fasano,La margherita,1951,Ester B. Valdes,,Finalista,,,,Nunzio Filogamo,Casinò di Sanremo,3,,,
8,F,Achille Togliani,Sedici anni,1951,Astro Mari,,Finalista,,,,Nunzio Filogamo,Casinò di Sanremo,3,,Check 1 — righe senza match Spotify,94
9,F,Duo Fasano,Sotto il mandorlo,1951,Gian Carlo Testoni e Mario Panzeri,,Finalista,,,,Nunzio Filogamo,Casinò di Sanremo,3,,Check 2 — righe senza match Festival,0
10,NF,Nilla Pizzi,È l'alba,1951,Gian Carlo Testoni,,Non Finalista,,,,Nunzio Filogamo,Casinò di Sanremo,3,,,
11,NF,Nilla Pizzi,Ho pianto una volta sola,1951,Pinchi,,Non Finalista,,,,Nunzio Filogamo,Casinò di Sanremo,3,,,
12,NF,Achille Togliani,Mai più,1951,Filippo Rolando,,Non Finalista,,,,Nunzio Filogamo,Casinò di Sanremo,3,,,
13,NF,Achille Togliani,Mani che si cercano,1951,Giovanna Colombi,,Non Finalista,,,,Nunzio Filogamo,Casinò di Sanremo,3,,,
14,NF,Nilla Pizzi,Mia cara Napoli,1951,Salvatore Mazzocco,,Non Finalista,,,,Nunzio Filogamo,Casinò di Sanremo,3,,,
15,NF,Nilla Pizzi,Notte di Sanremo,1951,Enzo Luigi Poletto,,Non Finalista,,,,Nunzio Filogamo,Casinò di Sanremo,3,,,
16,NF,Duo Fasano,Oro di Napoli,1951,Umberto Bertini,,Non Finalista,,,,Nunzio Filogamo,Casinò di Sanremo,3,,,
17,NF,Achille Togliani e Duo Fasano,Sei fatta per me,1951,Guido Quattrini,,Non Finalista,,,,Nunzio Filogamo,Casinò di Sanremo,3,,,
18,NF,Duo Fasano,Sorrentinella,1951,Arrigo Giacomo Camosso,,Non Finalista,,,,Nunzio Filogamo,Casinò di Sanremo,3,,,
19,NF,Nilla Pizzi,Tutto è finito,1951,Otello Odorici,,Non Finalista,,,,Nunzio Filogamo,Casinò di Sanremo,3,,,
20,1º,Nilla Pizzi,Vola Colomba,1952,B. Cherubini e C. Concina,1,Vincitore,,,,Nunzio Filogamo,Casinò di Sanremo,5,,,
21,2º,Nilla Pizzi,Papaveri e papere,1952,"N. Rastelli, M. Panzeri e V. Mascheroni",2,Finalista,Nilla Pizzi,33,2014,Nunzio Filogamo,Casinò di Sanremo,5,,,
22,3º,Nilla Pizzi,Una donna prega,1952,Pinchi e V. Panzuti,3,Finalista,Nilla Pizzi,1,2021,Nunzio Filogamo,Casinò di Sanremo,5,,,
23,4º,Oscar Carboni,Madonna delle rose,1952,G. Fiorelli e M. Ruccione,4,Finalista,Claudio Villa,13,1959,Nunzio Filogamo,Casinò di Sanremo,5,,,
24,5º,Gino Latilla,Un disco dall'Italia,1952,N. Salerno e G. D'Anzi,5,Finalista,Gino Bechi,0,1970,Nunzio Filogamo,Casinò di Sanremo,5,,,
25,6º,Gino Latilla,L'attesa,1952,Biri e N. Ravasini,6,Finalista,Daniela Picciau,18,2022,Nunzio Filogamo,Casinò di Sanremo,5,,,
26,7º,Oscar Carboni,Perché le donne belle,1952,A. Sopranzi e G. Fassino,7,Finalista,Paolo Bellasio,0,2023,Nunzio Filogamo,Casinò di Sanremo,5,,,
27,8º,Achille Togliani,Vecchie mura,1952,Filibello e P. E. Bassi,8,Finalista,Achille Togliani,0,2012,Nunzio Filogamo,Casinò di Sanremo,5,,,
28,9º,Achille Togliani,Libro di novelle,1952,L. Citi e M. Casini,9,Finalista,Achille Togliani,0,2012,Nunzio Filogamo,Casinò di Sanremo,5,,,
29,10º,Nilla Pizzi e Achille Togliani,Nel regno dei sogni,1952,A. Papetti e C. A. Rossi,10,Finalista,Nilla Pizzi,5,2006,Nunzio Filogamo,Casinò di Sanremo,5,,,
30,NF,Duo Fasano,Al ritmo della carrozzella,1952,E. L. Poletto e P. Pavesio,,Non Finalista,Duo Fasano,0,2011,Nunzio Filogamo,Casinò di Sanremo,5,,,
31,NF,Nilla Pizzi e Duo Fasano,Buonanotte (Ai bimbi del mondo),1952,E. Minoretti e A. Zara,,Non Finalista,Nilla Pizzi,0,1940,Nunzio Filogamo,Casinò di Sanremo,5,,,
32,NF,Oscar Carboni,Cantate e sorridete,1952,"G. C. Testoni, F. Fabor e C. Donida",,Non Finalista,Oscar Carboni,0,2022,Nunzio Filogamo,Casinò di Sanremo,5,,,
33,NF,Duo Fasano,Due gattini,1952,"T. Giacobetti, G. Kramer e Trinacria",,Non Finalista,Duo Fasano,1,2012,Nunzio Filogamo,Casinò di Sanremo,5,,,
34,NF,Nilla Pizzi e Duo Fasano,Il valzer di Nonna Speranza,1952,G. C. Testoni e S. Seracini,,Non Finalista,Nilla Pizzi,0,2011,Nunzio Filogamo,Casinò di Sanremo,5,,,
35,NF,Achille Togliani,La collanina,1952,G. C. Testoni e D. Olivieri,,Non Finalista,Lucio Battisti,58,1973,Nunzio Filogamo,Casinò di Sanremo,5,,,
36,NF,Gino Latilla,Malinconica tarantella,1952,G. C. Testoni e E. Ceragioli,,Non Finalista,Claudio Villa,0,2022,Nunzio Filogamo,Casinò di Sanremo,5,,,
37,NF,Nilla Pizzi,Ninna nanna ai sogni perduti,1952,"P. E. Bassi, M. Panzeri e G. C. Testoni",,Non Finalista,Acqua Curativa,0,2017,Nunzio Filogamo,Casinò di Sanremo,5,,,
38,NF,Gino Latilla,Pura fantasia,1952,Aminta e A. Fragna,,Non Finalista,Julieta Venegas,33,2022,Nunzio Filogamo,Casinò di Sanremo,5,,,
39,NF,Duo Fasano,Vecchio tram,1952,G. L. Callegari,,Non Finalista,Trattoria Italiana,42,2022,Nunzio Filogamo,Casinò di Sanremo,5,,,
40,1º,Carla Boni - Flo Sandon's,Viale d'autunno,1953,G. D'Anzi,1,Vincitore,,,,Nunzio Filogamo,Casinò di Sanremo,10,,,
41,2º,Nilla Pizzi e Doppio Quintetto Vocale - Teddy Reno e Quartetto Stars,Campanaro,1953,B. Cherubini e C. Concina,2,Finalista,Nilla Pizzi,4,2011,Nunzio Filogamo,Casinò di Sanremo,10,,,
42,3º (ex aequo),Achille Togliani - Teddy Reno,Lasciami cantare una canzone,1953,M. Cozzoli e C. A. Bixio,3,Finalista,Achille Togliani,20,2012,Nunzio Filogamo,Casinò di Sanremo,10,,,
43,3º (ex aequo),Gino Latilla e Doppio Quintetto Vocale - Giorgio Consolini,Vecchio scarpone,1953,"Calibi, Pinchi e C. Donida",3,Finalista,I Girasoli,26,2011,Nunzio Filogamo,Casinò di Sanremo,10,,,
44,5º,Gino Latilla - Giorgio Consolini,Vecchia villa comunale,1953,R. Ruocco e N. Oliviero,5,Finalista,Gino Latilla,0,2015,Nunzio Filogamo,Casinò di Sanremo,10,,,
45,6º,Achille Togliani - Katyna Ranieri,No Pierrot,1953,A. Costanzo e R. Salani,6,Finalista,Aurelio Fierro,0,2009,Nunzio Filogamo,Casinò di Sanremo,10,,,
46,7º,Carla Boni - Quartetto Stars,Il passerotto,1953,E. Di Lazzaro e D. Valentini,7,Finalista,Ciansunier,3,2017,Nunzio Filogamo,Casinò di Sanremo,10,,,
47,8º,Nilla Pizzi e Doppio Quintetto Vocale - Teddy Reno e Quartetto Stars,Sussurrando buonanotte,1953,"Danpa, B. Pallesi e V. Panzuti",8,Finalista,Nilla Pizzi,0,2020,Nunzio Filogamo,Casinò di Sanremo,10,,,
48,9º,Gino Latilla e Doppio Quintetto Vocale - Giorgio Consolini,Tamburino del reggimento,1953,Deani,9,Finalista,Luciano Taioli,3,2017,Nunzio Filogamo,Casinò di Sanremo,10,,,
49,10º,Nilla Pizzi e Doppio Quintetto Vocale - Teddy Reno e Quartetto Stars,Papà Pacifico,1953,N. Rastelli e A. Fragna,10,Finalista,Nilla Pizzi,0,2011,Nunzio Filogamo,Casinò di Sanremo,10,,,
50,NF,Carla Boni - Katyna Ranieri,Acque amare,1953,N. Salerno e C. A. Rossi,,Non Finalista,Carla Boni,20,2014,Nunzio Filogamo,Casinò di Sanremo,10,,,
51,NF,Carla Boni - Flo Sandon's,Buona sera,1953,M. Evangelisti Tumminelli e C. Di Ceglie,,Non Finalista,Fred Buscaglione,46,1987,Nunzio Filogamo,Casinò di Sanremo,10,,,
52,NF,Nilla Pizzi - Teddy Reno,Canto della solitudine,1953,E. Bonagura e G. Redi,,Non Finalista,Federico Del Frate,0,2024,Nunzio Filogamo,Casinò di Sanremo,10,,,
53,NF,Katyna Ranieri - Achille Togliani,Domandatelo,1953,V. Baselice e G. Fiorelli,,Non Finalista,Giacomo Puccini,3,1964,Nunzio Filogamo,Casinò di Sanremo,10,,,
54,NF,Gino Latilla - Teddy Reno,Innamorami,1953,"M. Ruccione, E. Ceragioli e U. Bertini",,Non Finalista,Lady Paradise,0,2022,Nunzio Filogamo,Casinò di Sanremo,10,,,
55,NF,Achille Togliani - Giorgio Consolini,La mamma che piange di più,1953,G. Pisano e F. Rendine,,Non Finalista,Giorgio Consolini,0,2012,Nunzio Filogamo,Casinò di Sanremo,10,,,
56,NF,Achille Togliani - Katyna Ranieri,La pianola stonata,1953,M. Gigante e E. De Mura,,Non Finalista,Achille Togliani,0,2012,Nunzio Filogamo,Casinò di Sanremo,10,,,
57,NF,Nilla Pizzi - Flo Sandon's,L'altra,1953,V. Mascheroni e Biri,,Non Finalista,Måneskin,67,2018,Nunzio Filogamo,Casinò di Sanremo,10,,,
58,NF,Gino Latilla - Giorgio Consolini,Povero amico mio,1953,M. Rivi e C. Innocenzi,,Non Finalista,Carlo Buti,2,1935,Nunzio Filogamo,Casinò di Sanremo,10,,,
59,NF,Carla Boni - Flo Sandon's,Qualcuno cammina,1953,N. Rastelli e N. Casiroli,,Non Finalista,Rosita Brucoli,2,2023,Nunzio Filogamo,Casinò di Sanremo,10,,,
60,1º,Giorgio Consolini - Gino Latilla,Tutte le mamme,1954,U. Bertini e E. Falcocchio,1,Vincitore,,,,Nunzio Filogamo,Casinò di Sanremo,12,,,
61,2º,Katyna Ranieri - Achille Togliani,Canzone da due soldi,1954,Pinchi e C. Donida,2,Finalista,Nilla Pizzi,19,2011,Nunzio Filogamo,Casinò di Sanremo,12,,,
62,3º,Gino Latilla - Franco Ricci,...e la barca tornò sola,1954,M. Ruccione,3,Finalista,Renato Carosone,20,1995,Nunzio Filogamo,Casinò di Sanremo,12,,,
63,4º,Natalino Otto - Vittoria Mongardi,Notturno (Per chi non ha nessuno),1954,F. S. Mangieri,4,Finalista,Vittoria Mongardi,0,2013,Nunzio Filogamo,Casinò di Sanremo,12,,,
64,5º,Flo Sandon's - Carla Boni,Non è mai troppo tardi,1954,D. Olivieri,5,Finalista,Federico Rossi,52,2021,Nunzio Filogamo,Casinò di Sanremo,12,,,
65,6º,Quartetto Cetra - Vittoria Mongardi e Duo Fasano,Aveva un bavero,1954,M. Panzeri e V. Ripa,6,Finalista,Quartetto Cetra,14,2014,Nunzio Filogamo,Casinò di Sanremo,12,,,
66,7º,Gino Latilla e Duo Fasano - Katyna Ranieri e Giorgio Consolini,Sotto l'ombrello,1954,N. Casiroli,7,Finalista,Matteo Tarantino,2,2008,Nunzio Filogamo,Casinò di Sanremo,12,,,
67,8º,Achille Togliani - Natalino Otto,Mogliettina,1954,S. Seracini,8,Finalista,Renzo Arbore,25,2009,Nunzio Filogamo,Casinò di Sanremo,12,,,
68,9º,Achille Togliani - Flo Sandon's e Natalino Otto,Con te,1954,A. De Curtis,9,Finalista,Andrea Bocelli,50,1995,Nunzio Filogamo,Casinò di Sanremo,12,,,
69,10º,Achille Togliani - Natalino Otto,Donnina sola,1954,"S. Simoni, A. Valleroni e M. Casini",10,Finalista,Mia Martini,25,1972,Nunzio Filogamo,Casinò di Sanremo,12,,,
70,NF,Vittoria Mongardi - Flo Sandon's,Angeli senza cielo,1954,Pinchi e E. Valladi,,Non Finalista,Flo Sandon's,7,1947,Nunzio Filogamo,Casinò di Sanremo,12,,,
71,NF,"Carla Boni, Gino Latilla e Duo Fasano - Quartetto Cetra",Arriva il direttore,1954,M. Panzeri e G. Fucilli,,Non Finalista,Quartetto Cetra,6,2009,Nunzio Filogamo,Casinò di Sanremo,12,,,
72,NF,Carla Boni e Duo Fasano - Giorgio Consolini,Berta filava,1954,"Pinchi, G. Wilhelm e O. Fiammenghi",,Non Finalista,Rino Gaetano,59,1976,Nunzio Filogamo,Casinò di Sanremo,12,,,
73,NF,Gino Latilla e Duo Fasano - Quartetto Cetra,Canzoni alla sbarra,1954,G. D'Anzi,,Non Finalista,Quartetto Cetra,5,2009,Nunzio Filogamo,Casinò di Sanremo,12,,,
74,NF,Carla Boni e Duo Fasano - Quartetto Cetra,Cirillino-Ci,1954,N. Rastelli e V. Mascheroni,,Non Finalista,Quartetto Cetra,5,1955,Nunzio Filogamo,Casinò di Sanremo,12,,,
75,NF,Achille Togliani - Gianni Ravera,Gioia di vivere,1954,C. A. Bixio,,Non Finalista,Vibrazioni Positive 432Hz,4,2023,Nunzio Filogamo,Casinò di Sanremo,12,,,
76,NF,Duo Fasano e Gino Latilla - Quartetto Cetra,Piripicchio e Piripicchia,1954,A. Sopranzi e T. Fusco,,Non Finalista,Quartetto Cetra,4,2009,Nunzio Filogamo,Casinò di Sanremo,12,,,
77,NF,Katyna Ranieri - Vittoria Mongardi,Rose (Oggi i tempi son cambiati),1954,Biri e G. Viezzoli,,Non Finalista,Vittoria Mongardi,0,2012,Nunzio Filogamo,Casinò di Sanremo,12,,,
78,NF,Carla Boni - Quartetto Cetra,Un diario,1954,A. Locatelli e F. Bergamini,,Non Finalista,Quartetto Cetra,1,2020,Nunzio Filogamo,Casinò di Sanremo,12,,,
79,NF,Gino Latilla - Natalino Otto,Una bambina sei tu,1954,G. Fabor,,Non Finalista,Claudio Villa,0,2021,Nunzio Filogamo,Casinò di Sanremo,12,,,
80,1º,Claudio Villa - Tullio Pane,Buongiorno tristezza,1955,G. Fiorelli e M. Ruccione,1,Vincitore,,,,Armando Pizzo,Casinò di Sanremo,15,,,
81,2º,Claudio Villa - Tullio Pane,Il torrente,1955,C. A. Liman e L. Carmi,2,Finalista,Torrente,0,2024,Armando Pizzo,Casinò di Sanremo,15,,,
82,3º,"Natalino Otto e Trio Aurora - Bruno Pallesi, Nuccia Bongiovanni e Radio Boys",Canto nella valle,1955,M. Panzeri e U. Fusco,3,Finalista,Le Nostre Valli,20,2023,Armando Pizzo,Casinò di Sanremo,15,,,
83,4º,Claudio Villa - Narciso Parigi,Incantatella,1955,E. Bonagura,4,Finalista,Narciso Parigi,3,2022,Armando Pizzo,Casinò di Sanremo,15,,,
84,5º,Antonio Basurto - Gianni Ravera,Un cuore,1955,P. Mendes e E. Falcocchio,5,Finalista,Francesca Michielin,44,2016,Armando Pizzo,Casinò di Sanremo,15,,,
85,6º,Jula de Palma - Marisa Colomber,L'ombra,1955,W. Colì,6,Finalista,Spia,13,2019,Armando Pizzo,Casinò di Sanremo,15,,,
86,7º,Narciso Parigi e Radio Boys - Natalino Otto e Trio Aurora,Ci ciu cì (Cantava un usignol),1955,E. Minoretti e S. Seracini,7,Finalista,Natalino Otto,0,2022,Armando Pizzo,Casinò di Sanremo,15,,,
87,8º,Natalino Otto - Antonio Basurto,Una fotografia nella cornice,1955,"L. Mannucci, A. V. Savona e E. Fecchi",8,Finalista,Natalino Otto,4,1953,Armando Pizzo,Casinò di Sanremo,15,,,
88,NF,Jula de Palma - Antonio Basurto,Cantilena del trainante,1955,Faccenna e De Angelis,,Non Finalista,Antonio Basurto,0,2014,Armando Pizzo,Casinò di Sanremo,15,,,
89,NF,Bruno Pallesi - Jula de Palma,Che fai tu luna in ciel,1955,N. Rastelli e Brinniti,,Non Finalista,Irena Kowalska,0,2023,Armando Pizzo,Casinò di Sanremo,15,,,
90,NF,"Clara Jaione e Radio Boys - Nella Colombo, Bruno Rosettani e Trio Aurora",Era un omino,1955,A. Paolillo,,Non Finalista,I Campagnoli Belli,2,2009,Armando Pizzo,Casinò di Sanremo,15,,,
91,NF,Natalino Otto - Nuccia Bongiovanni e Radio Boys,I tre timidi,1955,E. Valladi,,Non Finalista,Nuccia,0,2009,Armando Pizzo,Casinò di Sanremo,15,,,
92,NF,"Bruno Pallesi e Nuccia Bongiovanni - Bruno Rosettani, Nella Colombo e Trio Aurora",Il primo viaggio,1955,Sargon,,Non Finalista,Paolo Bacilieri,19,2014,Armando Pizzo,Casinò di Sanremo,15,,,
93,NF,Gianni Ravera - Tullio Pane,Non penserò che a te,1955,"Taddei, Poggiali e Minasi",,Non Finalista,Gianni Ravera,0,2014,Armando Pizzo,Casinò di Sanremo,15,,,
94,NF,Bruno Pallesi - Jula de Palma,Sentiero,1955,B. Cherubini e C. Concina,,Non Finalista,Valo B,8,2024,Armando Pizzo,Casinò di Sanremo,15,,,
95,NF,Bruno Rosettani e Trio Aurora - Clara Jaione e Radio Boys,Zucchero e pepe,1955,"Biri, L. Capece Minutolo e V. Mascheroni",,Non Finalista,Bruno Rosettani,21,2014,Armando Pizzo,Casinò di Sanremo,15,,,
96,1º,Franca Raimondi,Aprite le finestre,1956,Pinchi e V. Panzuti,1,Vincitore,,,,Fausto Tommei,Casinò di Sanremo,6,,,
97,2º,Tonina Torrielli,Amami se vuoi,1956,M. Panzeri e V. Mascheroni,2,Finalista,Tonina Torielli,27,2014,Fausto Tommei,Casinò di Sanremo,6,,,
98,3º,Luciana Gonzales,La vita è un paradiso di bugie,1956,D. Calcagno e N. Oliviero,3,Finalista,Quartetto Cetra,13,2009,Fausto Tommei,Casinò di Sanremo,6,,,
99,4º,Tonina Torrielli,Il cantico del cielo,1956,A. Testa e C. A. Rossi,4,Finalista,Fiorella Bini,2,2015,Fausto Tommei,Casinò di Sanremo,6,,,
100,5º,Ugo Molinari,La colpa fu,1956,"Gippi, L. Beretta e E. Sciorilli",5,Finalista,El Canfin,27,2007,Fausto Tommei,Casinò di Sanremo,6,,,
101,6º,Tonina Torrielli,Il bosco innamorato,1956,G. C. Testoni e G. Kramer,6,Finalista,Quartetto Cetra,1,1955,Fausto Tommei,Casinò di Sanremo,6,,,
102,7º,Ugo Molinari,Albero caduto,1956,G. Fiorelli e M. Ruccione,7,Finalista,Quartetto Cetra,0,2020,Fausto Tommei,Casinò di Sanremo,6,,,
103,8º,Gianni Marzocchi,Musetto (La più bella sei tu),1956,D. Modugno,8,Finalista,Gianni Marzocchi,1,2012,Fausto Tommei,Casinò di Sanremo,6,,,
104,9º,Ugo Molinari,Nota per nota,1956,G. Viezzoli,9,Finalista,Zucchero,40,2004,Fausto Tommei,Casinò di Sanremo,6,,,
105,10º,Ugo Molinari,Due teste sul cuscino,1956,G. C. Testoni e F. Rendine,10,Finalista,Claudio Villa,0,2019,Fausto Tommei,Casinò di Sanremo,6,,,
106,NF,Gianni Marzocchi e Clara Vincenzi,Anima gemella,1956,G. C. Testoni e C. A. Rossi,,Non Finalista,Gemelli Diversi,38,2000,Fausto Tommei,Casinò di Sanremo,6,,,
107,NF,Luciana Gonzales,È bello,1956,Danpa e D. Vignali,,Non Finalista,Dorsa,0,2023,Fausto Tommei,Casinò di Sanremo,6,,,
108,NF,Gianni Marzocchi,Ho detto al sole,1956,R. Morbelli e Falco,,Non Finalista,Gigi Proietti,12,2002,Fausto Tommei,Casinò di Sanremo,6,,,
109,NF,Franca Raimondi,Il trenino del destino,1956,"B. Cherubini, M. Schisa e M. Trama",,Non Finalista,Franca Raimondi,0,2014,Fausto Tommei,Casinò di Sanremo,6,,,
110,NF,Clara Vincenzi,Il trenino di latta verde,1956,"M. Gigante, L. L. Martelli e Neri",,Non Finalista,Natalino Otto,0,2021,Fausto Tommei,Casinò di Sanremo,6,,,
111,NF,Gianni Marzocchi e Franca Raimondi,Lucia e Tobia,1956,M. Panzeri e G. D'Anzi,,Non Finalista,Quartetto Cetra,0,2020,Fausto Tommei,Casinò di Sanremo,6,,,
112,NF,Clara Vincenzi,Lui e lei,1956,"S. Simoni, Faccenna e M. Casini",,Non Finalista,Razzi Totali,0,2006,Fausto Tommei,Casinò di Sanremo,6,,,
113,NF,Luciana Gonzales,Parole e musica,1956,N. Rastelli e Silvestri,,Non Finalista,Ligabue,43,2023,Fausto Tommei,Casinò di Sanremo,6,,,
114,NF,Tonina Torrielli,Qualcosa è rimasto,1956,Pinchi e Spaggiari,,Non Finalista,Mondo Marcio,23,2004,Fausto Tommei,Casinò di Sanremo,6,,,
115,NF,Franca Raimondi e Clara Vincenzi,Sogni d'or,1956,A. Costanzo e P. Maschio,,Non Finalista,Franca Raimondi,0,2014,Fausto Tommei,Casinò di Sanremo,6,,,
116,1º,Claudio Villa - Nunzio Gallo,Corde della mia chitarra,1957,G. Fiorelli e M. Ruccione,1,Vincitore,,,,Nunzio Filogamo,Casinò di Sanremo,17,,,
117,2º,Claudio Villa - Giorgio Consolini,Usignolo,1957,"G. Castellani, L. L. Martelli e C. Concina",2,Finalista,Claudio Villa,12,2008,Nunzio Filogamo,Casinò di Sanremo,17,,,
118,3º,Gino Latilla - Tonina Torrielli,Scusami,1957,"Biri, W. Malgoni e M. Perrone",3,Finalista,Max Pasquarelli,27,2023,Nunzio Filogamo,Casinò di Sanremo,17,,,
119,4º,"Carla Boni, Gino Latilla e Duo Fasano - Gloria Christian e Poker di Voci",Casetta in Canadà,1957,M. Panzeri e V. Mascheroni,4,Finalista,Big Boys,26,2001,Nunzio Filogamo,Casinò di Sanremo,17,,,
120,5º,Claudio Villa - Giorgio Consolini,Cancello tra le rose,1957,U. Bertini e M. De Paolis,5,Finalista,Giorgio Consolini,6,1997,Nunzio Filogamo,Casinò di Sanremo,17,,,
121,6º,Claudio Villa e Gino Latilla - Natalino Otto e Poker di Voci,Il pericolo numero uno,1957,E. Bonagura e M. Cozzoli,6,Finalista,Renato Carosone,20,2007,Nunzio Filogamo,Casinò di Sanremo,17,,,
122,7º,Tina Allori - Tonina Torrielli,Intorno a te (È sempre primavera),1957,"D. Bernazza, M. De Angelis, A. Piga e Falco",7,Finalista,Tonina Torrielli,0,2010,Nunzio Filogamo,Casinò di Sanremo,17,,,
123,8º,Carla Boni - Nunzio Gallo,Per una volta ancora,1957,U. Bertini e G. D'Anzi,8,Finalista,Cecco e Cipo,33,2022,Nunzio Filogamo,Casinò di Sanremo,17,,,
124,9º,Gino Baldi e Duo Fasano - Natalino Otto e Poker di Voci,Un filo di speranza,1957,G. C. Testoni e S. Seracini,9,Finalista,Gino Latilla,2,2000,Nunzio Filogamo,Casinò di Sanremo,17,,,
125,10º,"Carla Boni e Duo Fasano - Gloria Christian, Natalino Otto e Poker di Voci",Le trote blu,1957,D. Calcagno e L. Gelmini,10,Finalista,Giorgio Consolini,2,2019,Nunzio Filogamo,Casinò di Sanremo,17,,,
126,NF,Gino Latilla - Luciano Virgili,A poco a poco,1957,M. Rivi e C. Innocenzi,,Non Finalista,Anna Oxa,53,1978,Nunzio Filogamo,Casinò di Sanremo,17,,,
127,NF,Tina Allori - Flo Sandon's,Ancora ci credo,1957,Fecchi e Campanozzi,,Non Finalista,xDiemondx,19,2022,Nunzio Filogamo,Casinò di Sanremo,17,,,
128,NF,Fiorella Bini - Flo Sandon's,Estasi,1957,Da Vinci e Lucci,,Non Finalista,Gaia,50,2023,Nunzio Filogamo,Casinò di Sanremo,17,,,
129,NF,Gino Baldi - Luciano Virgili,Finalmente,1957,G. Bonavolontà e M. Rivi,,Non Finalista,883,54,1998,Nunzio Filogamo,Casinò di Sanremo,17,,,
130,NF,Gino Baldi - Jula de Palma,Nel giardino del mio cuore,1957,G. C. Testoni e G. Kramer,,Non Finalista,Teddy Reno,1,2023,Nunzio Filogamo,Casinò di Sanremo,17,,,
131,NF,Gino Latilla - Nunzio Gallo,Non ti ricordi più?,1957,Da Vinci e Poggiali,,Non Finalista,Nunzio Gallo,1,2019,Nunzio Filogamo,Casinò di Sanremo,17,,,
132,NF,Fiorella Bini e Duo Fasano - Jula de Palma e Poker di Voci,Raggio nella nebbia,1957,Franco Salina e M. Pagano,,Non Finalista,Fiorella Bini,1,2015,Nunzio Filogamo,Casinò di Sanremo,17,,,
133,NF,Gianni Ravera - Natalino Otto,Un certo sorriso,1957,M. Ruccione e G. Fiorelli,,Non Finalista,Natalino Otto,0,2015,Nunzio Filogamo,Casinò di Sanremo,17,,,
134,NF,Carla Boni - Jula de Palma,Un sogno di cristallo,1957,A. Testa e P. Calvi,,Non Finalista,Orsogufo,2,2022,Nunzio Filogamo,Casinò di Sanremo,17,,,
136,1º,Domenico Modugno - Johnny Dorelli,Nel blu dipinto di blu,1958,D. Modugno e F. Migliacci,1,Vincitore,Domenico Modugno,52,2008,Gianni Agus,Casinò di Sanremo,15,,,
137,2º,Nilla Pizzi - Tonina Torrielli,L'edera,1958,V. D'Acquisto e S. Seracini,2,Finalista,Erica Mou,4,2016,Gianni Agus,Casinò di Sanremo,15,,,
138,3º,Gino Latilla - Nilla Pizzi,Amare un'altra,1958,R. Pazzaglia e G. Fabor,3,Finalista,Tony Colombo,19,2022,Gianni Agus,Casinò di Sanremo,15,,,
139,4º,Claudio Villa - Giorgio Consolini,Campana di Santa Lucia,1958,B. Cherubini e C. Concina,4,Finalista,Giacomo Rondinella,2,2011,Gianni Agus,Casinò di Sanremo,15,,,
140,5º,Claudio Villa - Nilla Pizzi,Giuro d'amarti così,1958,M. Panzeri e V. Mascheroni,5,Finalista,Nilla Pizzi,2,1954,Gianni Agus,Casinò di Sanremo,15,,,
141,6º,Carla Boni e Gino Latilla - Aurelio Fierro e Gloria Christian,Timida serenata,1958,N. Salerno e G. Redi,6,Finalista,Gloria Christian,10,2011,Gianni Agus,Casinò di Sanremo,15,,,
142,7º,Claudio Villa e Duo Fasano - Aurelio Fierro e Trio Joyce,Fragole e cappellini,1958,M. Panzeri e S. Seracini,7,Finalista,Aurelio Fierro,5,2015,Gianni Agus,Casinò di Sanremo,15,,,
143,8º,Natalino Otto - Carla Boni e Gino Latilla,Non potrai dimenticare,1958,B. Pallesi e W. Malgoni,8,Finalista,Fred Buscaglione,5,2022,Gianni Agus,Casinò di Sanremo,15,,,
144,9º,Tonina Torrielli - Cristina Jorio,Mille volte,1958,Zibio e G. Fabor,9,Finalista,Max Gazzè,34,2015,Gianni Agus,Casinò di Sanremo,15,,,
145,10º,Johnny Dorelli - Natalino Otto,Fantastica,1958,"A. Costanzo, C. Gori e P. Bentivoglio",10,Finalista,Rocco Hunt,51,2021,Gianni Agus,Casinò di Sanremo,15,,,
146,NF,Carla Boni - Giorgio Consolini,Arsura,1958,"B. Cherubini, V. D'Acquisto e M. Schisa",,Non Finalista,Iva Zanicchi,2,1978,Gianni Agus,Casinò di Sanremo,15,,,
147,NF,Claudio Villa e Gino Latilla - Gloria Christian,Cos'è un bacio,1958,V. Rovi e G. Boneschi,,Non Finalista,Nayt,33,2016,Gianni Agus,Casinò di Sanremo,15,,,
148,NF,Marisa Del Frate - Giorgio Consolini,È molto facile dirsi addio,1958,L. L. Martelli e E. Neri,,Non Finalista,Marisa Del Frate,0,2015,Gianni Agus,Casinò di Sanremo,15,,,
149,NF,Marisa Del Frate - Gloria Christian,Ho disegnato un cuore,1958,S. Simoni e I. Piga,,Non Finalista,Gloria Christian,2,2019,Gianni Agus,Casinò di Sanremo,15,,,
150,NF,Duo Fasano e Tonina Torrielli - Aurelio Fierro e Trio Joyce,I trulli di Alberobello,1958,G. Ciocca e U. Bindi,,Non Finalista,Aurelio Fierro,3,2019,Gianni Agus,Casinò di Sanremo,15,,,
151,NF,Carla Boni - Cristina Jorio,Io sono te,1958,"A. Testa, R. De Giusti, Biri e C. A. Rossi",,Non Finalista,Assia Fiorillo,4,2022,Gianni Agus,Casinò di Sanremo,15,,,
152,NF,Nilla Pizzi e Aurelio Fierro - Claudio Villa e Duo Fasano,La canzone che piace a te,1958,"R. Cutolo, M. De Paolis e M. Ruccione",,Non Finalista,Cutolo,0,2019,Gianni Agus,Casinò di Sanremo,15,,,
153,NF,Tonina Torrielli e Duo Fasano - Trio Joyce,Nozze d'oro,1958,"F. Conti, G. Cavalli e E. Canelli",,Non Finalista,Ruggero Passarini,3,1993,Gianni Agus,Casinò di Sanremo,15,,,
154,NF,Johnny Dorelli - Giorgio Consolini,Se tornassi tu..!,1958,"E. Radaelli, C. Vinci e A. Barberis",,Non Finalista,Julio Iglesias,35,1979,Gianni Agus,Casinò di Sanremo,15,,,
155,NF,Gino Latilla - Natalino Otto,Tu sei del mio paese,1958,"A. Testa, R. De Giusti, Biri e C. A. Rossi",,Non Finalista,Alberto Testa,1,2019,Gianni Agus,Casinò di Sanremo,15,,,
156,1º,Domenico Modugno - Johnny Dorelli,Piove (ciao ciao bambina),1959,D. Modugno e D. Verde,1,Vincitore,,,,Enzo Tortora,Casinò di Sanremo,17,,,
157,2º,Arturo Testa - Gino Latilla,Io sono il vento,1959,G. C. Testoni e G. Fanciulli,2,Finalista,Marino Marini,32,1955,Enzo Tortora,Casinò di Sanremo,17,,,
158,3º,Teddy Reno - Achille Togliani,Conoscerti,1959,G. D'Anzi,3,Finalista,Achille Togliani,5,2014,Enzo Tortora,Casinò di Sanremo,17,,,
159,4º,Jula de Palma - Tonina Torrielli,Tua,1959,B. Pallesi e W. Malgoni,4,Finalista,Elisa,54,2019,Enzo Tortora,Casinò di Sanremo,17,,,
160,5º,Teddy Reno - Aurelio Fierro,Lì per lì,1959,L. Beretta e G. Viezzoli,5,Finalista,Natalino Otto,13,1953,Enzo Tortora,Casinò di Sanremo,17,,,
161,6º,Fausto Cigliano - Nilla Pizzi,Sempre con te,1959,R. Murolo,6,Finalista,Tosca,7,2024,Enzo Tortora,Casinò di Sanremo,17,,,
162,7º,Natalino Otto - Aurelio Fierro,Avevamo la stessa età,1959,D. Calcagno e M. Marini,7,Finalista,Renzo Arbore,25,2009,Enzo Tortora,Casinò di Sanremo,17,,,
163,8º,Betty Curtis - Wilma De Angelis,Nessuno,1959,"A. De Simone, E. Capotosti e V. Mascheroni",8,Finalista,Cesare Cremonini,56,2017,Enzo Tortora,Casinò di Sanremo,17,,,
164,9º,Johnny Dorelli e Betty Curtis - Gino Latilla e Claudio Villa,Una marcia in Fa,1959,M. Panzeri e V. Mascheroni,9,Finalista,Claudio Villa,10,2008,Enzo Tortora,Casinò di Sanremo,17,,,
165,10º,Claudio Villa - Betty Curtis,Un bacio sulla bocca,1959,A. Testa e G. Cichellero,10,Finalista,Fabrizio Cesare,13,2016,Enzo Tortora,Casinò di Sanremo,17,,,
166,NF,Tonina Torrielli - Nilla Pizzi,Adorami,1959,G. C. Testoni e U. Fusco,,Non Finalista,Nilla Pizzi,10,1954,Enzo Tortora,Casinò di Sanremo,17,,,
167,NF,Anna D'Amico - Natalino Otto,Così così,1959,V. Vancheri,,Non Finalista,Dutch Nazari,20,2018,Enzo Tortora,Casinò di Sanremo,17,,,
168,NF,Nilla Pizzi - Tonina Torrielli,Il nostro refrain,1959,Santi e D. Olivieri,,Non Finalista,Fernanda Furlani,0,2011,Enzo Tortora,Casinò di Sanremo,17,,,
169,NF,Natalino Otto - Gino Latilla,La luna è un'altra luna,1959,"R. De Giusti, Biri, A. Testa e C. A. Rossi",,Non Finalista,Giorgio Consolini,4,2022,Enzo Tortora,Casinò di Sanremo,17,,,
170,NF,Jula de Palma - Miranda Martino,La vita mi ha dato solo te,1959,B. Casalini e M. De Martino,,Non Finalista,Nella Colombo,0,1943,Enzo Tortora,Casinò di Sanremo,17,,,
171,NF,Teddy Reno - Achille Togliani,Ma baciami,1959,"D. Panzuti, A. Godini e P. Rizza",,Non Finalista,Achille Togliani,6,2022,Enzo Tortora,Casinò di Sanremo,17,,,
172,NF,Arturo Testa - Fausto Cigliano,Né stelle né mare,1959,G. C. Testoni e F. Fabor,,Non Finalista,Michele Nobler,30,2020,Enzo Tortora,Casinò di Sanremo,17,,,
173,NF,Claudio Villa - Johnny Dorelli,Partir con te,1959,P. Calvi,,Non Finalista,Andrea Bocelli,50,1995,Enzo Tortora,Casinò di Sanremo,17,,,
174,NF,Wilma De Angelis - Jula de Palma,Per tutta la vita,1959,A. Testa e P. Spotti,,Non Finalista,Noemi,47,2009,Enzo Tortora,Casinò di Sanremo,17,,,
175,NF,Achille Togliani - Arturo Testa,Tu sei qui,1959,A. Testa e S. Birga,,Non Finalista,SDV Worship,23,2021,Enzo Tortora,Casinò di Sanremo,17,,,
176,1º,Tony Dallara - Renato Rascel,Romantica,1960,D. Verde e R. Rascel,1,Vincitore,,,,Paolo Ferrari (attore),Casinò di Sanremo,23,,,
177,2º,Domenico Modugno - Teddy Reno,Libero,1960,D. Modugno e F. Migliacci,2,Finalista,Tommy Riccio,29,2018,Paolo Ferrari (attore),Casinò di Sanremo,23,,,
178,3º,Wilma De Angelis - Joe Sentieri,Quando vien la sera,1960,A. Testa e C. A. Rossi,3,Finalista,Joe Sentieri,32,2014,Paolo Ferrari (attore),Casinò di Sanremo,23,,,
179,4º,Nilla Pizzi - Tonina Torrielli,Colpevole,1960,V. D'Acquisto e S. Seracini,4,Finalista,Gemitaiz,64,2023,Paolo Ferrari (attore),Casinò di Sanremo,23,,,
180,5º,Joe Sentieri - Sergio Bruni,È mezzanotte,1960,"A. Testa, R. Cozzoli e G. Compare",5,Finalista,Elodie,57,2023,Paolo Ferrari (attore),Casinò di Sanremo,23,,,
181,6º,Giorgio Consolini - Sergio Bruni,Il mare,1960,A. Pugliese e A. Vian,6,Finalista,Zucchero,20,2008,Paolo Ferrari (attore),Casinò di Sanremo,23,,,
182,7º,Jula de Palma - Tony Dallara,Noi,1960,B. Pallesi e W. Malgoni,7,Finalista,Marracash,55,2021,Paolo Ferrari (attore),Casinò di Sanremo,23,,,
183,8º,Teddy Reno - Mina,È vero,1960,N. Salerno e U. Bindi,8,Finalista,Alessandra Amoroso,39,2011,Paolo Ferrari (attore),Casinò di Sanremo,23,,,
184,9º,Fausto Cigliano - Irene D'Areni,Splende il sole,1960,Pinchi e Danpa,9,Finalista,Zerosospiro,41,2008,Paolo Ferrari (attore),Casinò di Sanremo,23,,,
185,10º,Johnny Dorelli - Jula de Palma,Notte mia,1960,M. Zanfagna e M. De Martino,10,Finalista,Johnny Dorelli,2,1951,Paolo Ferrari (attore),Casinò di Sanremo,23,,,
186,NF,Flo Sandon's - Gloria Christian,A come amore,1960,B. Brighetti e B. Martino,,Non Finalista,Teddy Reno,18,2019,Paolo Ferrari (attore),Casinò di Sanremo,23,,,
187,NF,Achille Togliani - Giorgio Consolini,Amore abisso dolce,1960,G. C. Testoni e M. Gigante,,Non Finalista,Gian Carlo Testoni,2,2019,Paolo Ferrari (attore),Casinò di Sanremo,23,,,
188,NF,Johnny Dorelli - Betty Curtis,Amore senza sole,1960,M. Panzeri e V. Mascheroni,,Non Finalista,Teddy Reno,0,2023,Paolo Ferrari (attore),Casinò di Sanremo,23,,,
189,NF,Germana Caroli - Arturo Testa,Gridare di gioia,1960,A. Testa e G. Fanciulli,,Non Finalista,Adriano Valle,0,2021,Paolo Ferrari (attore),Casinò di Sanremo,23,,,
190,NF,Gino Latilla - Miranda Martino,Invoco te,1960,"G. C. Testoni, T. De Vita e G. Masetti",,Non Finalista,Mina,16,2004,Paolo Ferrari (attore),Casinò di Sanremo,23,,,
191,NF,Mina - Betty Curtis,Non sei felice,1960,R. Vantellini e Pinchi,,Non Finalista,Mina,4,1987,Paolo Ferrari (attore),Casinò di Sanremo,23,,,
192,NF,Tonina Torrielli - Arturo Testa,Perderti,1960,Pinchi e P. E. Bassi,,Non Finalista,Sara Sansica,1,2018,Paolo Ferrari (attore),Casinò di Sanremo,23,,,
193,NF,Achille Togliani - Nilla Pizzi,Perdoniamoci,1960,U. Bertini e E. Di Paola,,Non Finalista,Achille Togliani,25,2015,Paolo Ferrari (attore),Casinò di Sanremo,23,,,
194,NF,Wilma De Angelis - Gloria Christian,Splende l'arcobaleno,1960,M. Tumminelli e C. Di Ceglie,,Non Finalista,Gloria Christian,1,2019,Paolo Ferrari (attore),Casinò di Sanremo,23,,,
195,NF,Gino Latilla - Miranda Martino,Vento pioggia... scarpe rotte,1960,"E. Taranto, C. Gori e A. Grasso",,Non Finalista,Gino Latilla,0,2017,Paolo Ferrari (attore),Casinò di Sanremo,23,,,
196,1º,Betty Curtis - Luciano Tajoli,Al di là,1961,Mogol - Donida,1,Vincitore,,,,Lilli Lembo,Casinò di Sanremo,42,,,
197,2º,Adriano Celentano - Little Tony,24mila baci,1961,"P. Vivarelli, L. Fulci e A. Celentano",2,Finalista,Adriano Celentano,46,2006,Lilli Lembo,Casinò di Sanremo,42,,,
198,3º,Milva - Gino Latilla,Il mare nel cassetto,1961,Rolla - La Valle - Lattuada,3,Finalista,Milva,24,1960,Lilli Lembo,Casinò di Sanremo,42,,,
199,4º,Mina - Nelly Fioramonti,Io amo tu ami,1961,E. Bonagura - G. Redi,4,Finalista,Mina,8,2004,Lilli Lembo,Casinò di Sanremo,42,,,
200,5º,Mina - Jenny Luna,Le mille bolle blu,1961,V. Pallavicini e C. A. Rossi,5,Finalista,Mina,39,2016,Lilli Lembo,Casinò di Sanremo,42,,,
201,6º,Pino Donaggio - Teddy Reno,Come sinfonia,1961,P. Donaggio,6,Finalista,Pino Donaggio,19,2014,Lilli Lembo,Casinò di Sanremo,42,,,
202,7º,Arturo Testa - Tonina Torrielli,Febbre di musica,1961,Biri e V. Mascheroni,7,Finalista,Tonina Torrielli,0,2017,Lilli Lembo,Casinò di Sanremo,42,,,
203,8º,Teddy Reno - Sergio Bruni,Mandolino mandolino,1961,A. Vian e A. Pugliese,8,Finalista,Piero Montanaro,0,2024,Lilli Lembo,Casinò di Sanremo,42,,,
204,9º,Sergio Bruni - Rocco Granata,Carolina dai,1961,D. Pace e M. Panzeri,9,Finalista,Livingston Taylor,30,1970,Lilli Lembo,Casinò di Sanremo,42,,,
205,10º,Gino Paoli - Tony Dallara,Un uomo vivo,1961,G. Paoli,10,Finalista,Gino Paoli,21,2001,Lilli Lembo,Casinò di Sanremo,42,,,
206,11º,Umberto Bindi - Miranda Martino,Non mi dire chi sei,1961,G. Calabrese - U. Bindi,11,Finalista,Luciano Tajoli,8,1988,Lilli Lembo,Casinò di Sanremo,42,,,
207,12º,Joe Sentieri - Fausto Cigliano,Lei,1961,R. Pazzaglia - J. Sentieri,12,Finalista,Neima Ezza,67,2022,Lilli Lembo,Casinò di Sanremo,42,,,
208,NF,Bruno Martino - Jula de Palma,A.A.A. adorabile cercasi,1961,"B. Martino, B. Brighetti e V. Pallavicini",,Non Finalista,Little Tony,20,2014,Lilli Lembo,Casinò di Sanremo,42,,,
209,NF,Giorgio Gaber - Maria Monti,Benzina e cerini,1961,"G. Gaber, E. Jannacci[7]",,Non Finalista,Giorgio Gaber,9,1961,Lilli Lembo,Casinò di Sanremo,42,,,
210,NF,Luciano Rondinella - Edoardo Vianello,Che freddo!,1961,C. Rossi e E. Vianello,,Non Finalista,Nada,60,1969,Lilli Lembo,Casinò di Sanremo,42,,,
211,NF,Miranda Martino - Jimmy Fontana,Lady Luna,1961,D. Verde e A. Trovajoli,,Non Finalista,Nora Orlandi,32,2016,Lilli Lembo,Casinò di Sanremo,42,,,
212,NF,Joe Sentieri - Betty Curtis,Libellule,1961,A. Testa e G. Viezzoli,,Non Finalista,De Gruy,43,2021,Lilli Lembo,Casinò di Sanremo,42,,,
213,NF,Claudio Villa - Sergio Renda,Mare di dicembre,1961,L. Beretta e G. Libano,,Non Finalista,Pino Daniele,20,2015,Lilli Lembo,Casinò di Sanremo,42,,,
214,NF,Aura D'Angelo - Silvia Guidi,Notturno senza luna,1961,G. D'Anzi,,Non Finalista,Luigi Tenco,12,2013,Lilli Lembo,Casinò di Sanremo,42,,,
215,NF,Gianni Meccia - Wilma De Angelis,Patatina,1961,G. Meccia e F. Migliacci,,Non Finalista,Gianni Meccia,23,2002,Lilli Lembo,Casinò di Sanremo,42,,,
216,NF,Tony Renis - Niki Davis,Pozzanghere,1961,"Orfellius, L. Pellini, T. Renis e M. Treppiedi",,Non Finalista,Il Solito Dandy,23,2022,Lilli Lembo,Casinò di Sanremo,42,,,
217,NF,Cocky Mazzetti - Achille Togliani,Qualcuno mi ama,1961,P. Soffici e M. Darena,,Non Finalista,Sandro,33,2017,Lilli Lembo,Casinò di Sanremo,42,,,
218,NF,Carla Boni - Aurelio Fierro,Tu con me,1961,A. Amurri e E. Ballotta,,Non Finalista,Aliciakat,23,2023,Lilli Lembo,Casinò di Sanremo,42,,,
219,NF,Nadia Liani - Jolanda Rossin,Una goccia di cielo,1961,G. Negri,,Non Finalista,Luciano Tajoli,0,2019,Lilli Lembo,Casinò di Sanremo,42,,,
220,1º,Domenico Modugno - Claudio Villa,Addio...addio...,1962,F. Migliacci e D. Modugno,1,Vincitore,,,,Renato Tagliani,Casinò di Sanremo,45,,,
221,2º,Sergio Bruni - Milva,Tango italiano,1962,B. Pallesi e W. Malgoni,2,Finalista,Cocki Mazzetti,46,2019,Renato Tagliani,Casinò di Sanremo,45,,,
222,3º,Sergio Bruni - Ernesto Bonino,Gondolì gondolà,1962,Nisa e R. Carosone,3,Finalista,faff,24,2022,Renato Tagliani,Casinò di Sanremo,45,,,
223,4º,Tony Renis - Emilio Pericoli,Quando quando quando,1962,A. Testa e T. Renis,4,Finalista,Tony Renis,53,2001,Renato Tagliani,Casinò di Sanremo,45,,,
224,5º,Milva - Miriam Del Mare,Stanotte al luna park,1962,"V. Pallavicini, Biri e C. A. Rossi",5,Finalista,Milva,2,2014,Renato Tagliani,Casinò di Sanremo,45,,,
225,6º,Gino Bramieri - Aurelio Fierro,Lui andava a cavallo,1962,N. Salerno e N. Ravasini,6,Finalista,Aurelio Fierro,2,1962,Renato Tagliani,Casinò di Sanremo,45,,,
226,7º,Arturo Testa - Jolanda Rossin,Un'anima leggera,1962,P. Rolla e F. Bergamini,7,Finalista,Arturo Testa,0,2012,Renato Tagliani,Casinò di Sanremo,45,,,
227,8º,Joe Sentieri - Aurelio Fierro,Cipria di sole,1962,G. Marotta e S. Mazzocco,8,Finalista,Joe Sentieri,0,2012,Renato Tagliani,Casinò di Sanremo,45,,,
228,9º,Tonina Torrielli - Nelly Fioramonti,Aspettandoti,1962,S. Seracini e V. D'Acquisto,9,Finalista,Neffa,50,1996,Renato Tagliani,Casinò di Sanremo,45,,,
229,10º,Johnny Dorelli - Betty Curtis,Buongiorno amore,1962,M. Panzeri e J. Dorelli,10,Finalista,Gigi Finizio,30,2021,Renato Tagliani,Casinò di Sanremo,45,,,
230,11º,Flo Sandon's - Mario D'Alba,Passa il tempo,1962,S. Taccani e U. Bertini,11,Finalista,Néza,54,2023,Renato Tagliani,Casinò di Sanremo,45,,,
231,12º,Nunzio Gallo - Rocco Montana,Inventiamo la vita,1962,V. Mascheroni e G. C. Testoni,12,Finalista,Nunzio Gallo,0,2014,Renato Tagliani,Casinò di Sanremo,45,,,
232,NF,Arturo Testa - Jolanda Rossin,Centomila volte,1962,S. Censi e De Bernardi,,Non Finalista,Einar,22,2019,Renato Tagliani,Casinò di Sanremo,45,,,
233,NF,Silvia Guidi - Jenny Luna,Conta le stelle,1962,E. Di Paola e U. Bertini,,Non Finalista,Ultimo,56,2021,Renato Tagliani,Casinò di Sanremo,45,,,
234,NF,Fausto Cigliano - Jenny Luna,Cose inutili,1962,G. Meccia e U. Tognazzi,,Non Finalista,Management,31,2017,Renato Tagliani,Casinò di Sanremo,45,,,
235,NF,Rossana - Gian Costello,Due cipressi,1962,"P. Pizzigoni, A. Camis e G. C. Testoni",,Non Finalista,Pino Calvi,0,1962,Renato Tagliani,Casinò di Sanremo,45,,,
236,NF,Wanda Romanelli - Nelly Fioramonti,Fiori sull'acqua,1962,G. Fallabrino e V. D'Acquisto,,Non Finalista,Caterina Caselli,10,1970,Renato Tagliani,Casinò di Sanremo,45,,,
237,NF,Wilma De Angelis - Tanya,I colori della felicità,1962,L. Ranzato e E. Sciorilli,,Non Finalista,Paolo Tuci,10,2020,Renato Tagliani,Casinò di Sanremo,45,,,
238,NF,Luciano Tajoli - Betty Curtis,Il cielo cammina,1962,"M. Ruccione, U. Bertini e P. Tombolato",,Non Finalista,Creep Giuliano,1,2019,Renato Tagliani,Casinò di Sanremo,45,,,
239,NF,Gesy Sebena - Giacomo Rondinella,Il nostro amore,1962,Pinchi e V. Panzuti,,Non Finalista,Laura Pausini,38,2015,Renato Tagliani,Casinò di Sanremo,45,,,
240,NF,Gene Colonnello - Gloria Christian,Innamorati,1962,G. D'Anzi e M. Panzeri,,Non Finalista,Toto Cutugno,50,1980,Renato Tagliani,Casinò di Sanremo,45,,,
241,NF,Corrado Lojacono - Luciano Tajoli,L'anellino,1962,C. Lojacono e N. Salerno,,Non Finalista,I Barritas,1,2002,Renato Tagliani,Casinò di Sanremo,45,,,
242,NF,Johnny Dorelli - Gloria Christian,L'ombrellone,1962,P. Calvi e L. Chiosso,,Non Finalista,Nancy Fiordaliso,1,2023,Renato Tagliani,Casinò di Sanremo,45,,,
243,NF,Nunzio Gallo - Bruna Lelli,L'ultimo pezzo di terra,1962,"M. Zanfagna, G. Conte, N. Gallo e A. Forte",,Non Finalista,Pino Calvi,0,1962,Renato Tagliani,Casinò di Sanremo,45,,,
244,NF,Wilma De Angelis - Lucia Altieri,Lumicini rossi,1962,F. Fabor e G. C. Testoni,,Non Finalista,Lucia Altieri,0,1964,Renato Tagliani,Casinò di Sanremo,45,,,
245,NF,Pierfilippi - Cocky Mazzetti,Occhi senza lacrime,1962,E. Macchi e A. A. Roelens,,Non Finalista,Cocki Mazzetti,4,2023,Renato Tagliani,Casinò di Sanremo,45,,,
246,NF,Gino Bramieri - Rocco Torrebruno,Pesca tu che pesco anch'io,1962,Di Lazzaro e B. Cherubini,,Non Finalista,Gino Bramieri,1,2014,Renato Tagliani,Casinò di Sanremo,45,,,
247,NF,Flo Sandon's - Edda Montanari,Prima del paradiso,1962,R. Vantellini e Pinchi,,Non Finalista,Jean Louis Prima,8,2013,Renato Tagliani,Casinò di Sanremo,45,,,
248,NF,Aura D'Angelo - Claudio Villa,Quando il vento d'aprile,1962,S. Palomba e A. Vian,,Non Finalista,Nando Rizzello,0,2010,Renato Tagliani,Casinò di Sanremo,45,,,
249,NF,Cocky Mazzetti - Joe Sentieri,Tobia,1962,"C. Donida, Mogol e A. Testa",,Non Finalista,Zucchero,23,2001,Renato Tagliani,Casinò di Sanremo,45,,,
250,NF,Mario Abbate - Fausto Cigliano,Vestita di rosso,1962,"A. Testa, R. Cozzoli e G. Compare",,Non Finalista,Beppe Junior,2,2010,Renato Tagliani,Casinò di Sanremo,45,,,
251,NF,Narciso Parigi - Giorgio Consolini,Vita,1962,B. Cherubini e C. Concina,,Non Finalista,Yunes LaGrintaa,55,2023,Renato Tagliani,Casinò di Sanremo,45,,,
252,1º,Tony Renis - Emilio Pericoli,Uno per tutte,1963,"Mogol, A. Testa e T. Renis",1,Vincitore,,,,Mike Bongiorno,Casinò di Sanremo,21,,,
253,2º,Claudio Villa - Eugenia Foligatti,Amor mon amour my love,1963,"W. Malgoni, Pinchi e B. Pallesi",2,Finalista,Cecilia,27,2006,Mike Bongiorno,Casinò di Sanremo,21,,,
254,3º,Pino Donaggio - Cocky Mazzetti,Giovane giovane,1963,P. Donaggio e A. Testa,3,Finalista,Laïoung,45,2017,Mike Bongiorno,Casinò di Sanremo,21,,,
255,4º,Wilma De Angelis - Johnny Dorelli,Non costa niente,1963,"G. Calabrese, D. Calcagno e E. Sciorilli",4,Finalista,Cor Veleno,19,2018,Mike Bongiorno,Casinò di Sanremo,21,,,
256,5º,Milva - Luciano Tajoli,Ricorda,1963,C. Donida e Mogol,5,Finalista,Antonello Venditti,46,2012,Mike Bongiorno,Casinò di Sanremo,21,,,
257,6º,Tonina Torrielli - Eugenia Foligatti,Perdonarsi in due,1963,G. D'Anzi e Pinchi,6,Finalista,Tonina Torrielli,1,2014,Mike Bongiorno,Casinò di Sanremo,21,,,
258,7º,Aurelio Fierro - Claudio Villa,Occhi neri e cielo blu,1963,M. Panzeri e D. Pace,7,Finalista,Dana Valery,0,1963,Mike Bongiorno,Casinò di Sanremo,21,,,
259,8º,Emilio Pericoli - Sergio Bruni,Sull'acqua,1963,M. Pagano e F. Maresca,8,Finalista,Sergio Bruni,0,2022,Mike Bongiorno,Casinò di Sanremo,21,,,
260,9º,Aura D'Angelo - Arturo Testa,Tu venisti dal mare,1963,F. Rendine e A. Pugliese,9,Finalista,Arturo Testa,0,2014,Mike Bongiorno,Casinò di Sanremo,21,,,
261,10º,Milva - Gianni Lacommare,Non sapevo,1963,P. Calvi e B. Pallesi,10,Finalista,Gianni Lacommare,0,2013,Mike Bongiorno,Casinò di Sanremo,21,,,
262,NF,Gianni Lacommare - Tonina Torrielli,Com'è piccolo il cielo,1963,Signori e Garavaglia,,Non Finalista,Mia Martini,0,2015,Mike Bongiorno,Casinò di Sanremo,21,,,
263,NF,Joe Sentieri - Johnny Dorelli,Fermate il mondo,1963,B. Canfora e D. Verde,,Non Finalista,Johnny Dorelli,4,1951,Mike Bongiorno,Casinò di Sanremo,21,,,
264,NF,Ennio Sangiusto - Quartetto Radar,La ballata del pedone,1963,Pierantoni,,Non Finalista,Giorgio Gaber,1,2013,Mike Bongiorno,Casinò di Sanremo,21,,,
265,NF,Ennio Sangiusto - Luciano Tajoli,Le voci,1963,G. Fallabrino e Medici,,Non Finalista,Cosmo,38,2016,Mike Bongiorno,Casinò di Sanremo,21,,,
266,NF,Mario Abbate - Quartetto Radar,Oggi non ho tempo,1963,C. Lojacono e N. Salerno,,Non Finalista,Lago,3,2023,Mike Bongiorno,Casinò di Sanremo,21,,,
267,NF,Tony Renis - Cocky Mazzetti,Perché perché,1963,G. Cichellero,,Non Finalista,Tony Renis,33,1958,Mike Bongiorno,Casinò di Sanremo,21,,,
268,NF,Arturo Testa - Joe Sentieri,Quando ci si vuol bene... (Come noi),1963,"E. Isola, B. Zambrini e G. Calabrese",,Non Finalista,Joe Sentieri,0,1963,Mike Bongiorno,Casinò di Sanremo,21,,,
269,NF,Wilma De Angelis - Flo Sandon's,Se passerai di qui,1963,G. C. Testoni e A. Camis,,Non Finalista,Raf,5,2006,Mike Bongiorno,Casinò di Sanremo,21,,,
270,NF,Aurelio Fierro - Sergio Bruni,Un cappotto rivoltato,1963,O. Leuzzi e F. Specchia,,Non Finalista,Sergio Bruni,1,2022,Mike Bongiorno,Casinò di Sanremo,21,,,
271,NF,Mario Abbate - Flo Sandon's,Vorrei fermare il tempo,1963,G. Redi e Franchini,,Non Finalista,Valentino Bonaccorso,1,2016,Mike Bongiorno,Casinò di Sanremo,21,,,
272,1º,Gigliola Cinquetti - Patricia Carli,Non ho l'età (Per amarti),1964,"M. Panzeri, Nisa, G. Colonnello",1,Vincitore,,,,Mike Bongiorno,Casinò di Sanremo,40,,,
273,2º (pari merito),Domenico Modugno - Frankie Laine,Che me ne importa a me,1964,D. Modugno,2,Finalista,Topo Gigio,7,1996,Mike Bongiorno,Casinò di Sanremo,40,,,
274,2º (pari merito),Tony Dallara - Ben E. King,Come potrei dimenticarti,1964,V. Pallavicini e E. Leoni,2,Finalista,Tony Dallara,1,2016,Mike Bongiorno,Casinò di Sanremo,40,,,
275,2º (pari merito),Gino Paoli - Antonio Prieto,Ieri ho incontrato mia madre,1964,G. Paoli,2,Finalista,Gino Paoli,14,1964,Mike Bongiorno,Casinò di Sanremo,40,,,
276,2º (pari merito),Fabrizio Ferretti - Gil Fields e The Fraternity Brothers,La prima che incontro,1964,V. Pallavicini e G. Kramer,2,Finalista,Fabrizio Ferretti,2,2011,Mike Bongiorno,Casinò di Sanremo,40,,,
277,2º (pari merito),Pino Donaggio - Frankie Avalon,Motivo d'amore,1964,P. Donaggio,2,Finalista,Jovanotti,31,2002,Mike Bongiorno,Casinò di Sanremo,40,,,
278,2º (pari merito),Roby Ferrante - Paul Anka,Ogni Volta,1964,C. Rossi e R. Ferrante,2,Finalista,Paul Anka,32,2000,Mike Bongiorno,Casinò di Sanremo,40,,,
279,2º (pari merito),Little Tony - Gene Pitney,Quando vedrai la mia ragazza,1964,C. Rossi e E. Ciacci,2,Finalista,Little Tony,27,1994,Mike Bongiorno,Casinò di Sanremo,40,,,
280,2º (pari merito),Bruno Filippini - Gil Fields e The Fraternity Brothers,Sabato sera,1964,B. Pallesi e W. Malgoni,2,Finalista,DJ Matrix,36,2018,Mike Bongiorno,Casinò di Sanremo,40,,,
281,2º (pari merito),Remo Germani - Nino Tempo e April Stevens,Stasera no no no,1964,V. Pallavicini e E. Roncarati,2,Finalista,Alessio,53,2006,Mike Bongiorno,Casinò di Sanremo,40,,,
282,2º (pari merito),Robertino - Bobby Rydell,Un bacio piccolissimo,1964,G. Ornati e G. Mescoli,2,Finalista,Andrea Farri,23,2024,Mike Bongiorno,Casinò di Sanremo,40,,,
283,2º (pari merito),Bobby Solo - Frankie Laine,Una lacrima sul viso,1964,Mogol e B. Solo,2,Finalista,Bobby Solo,46,1999,Mike Bongiorno,Casinò di Sanremo,40,,,
284,NF,Giorgio Gaber - Patricia Carli,Così felice,1964,G. Gaber,,Non Finalista,Federica Carta,27,2017,Mike Bongiorno,Casinò di Sanremo,40,,,
285,NF,Fausto Cigliano - Gene Pitney,E se domani,1964,G. Calabrese e C. A. Rossi,,Non Finalista,Mina,50,2009,Mike Bongiorno,Casinò di Sanremo,40,,,
286,NF,Tony Renis - Frankie Avalon,I sorrisi di sera,1964,"Mogol, A. Testa e T. Renis",,Non Finalista,Tony Renis,21,2004,Mike Bongiorno,Casinò di Sanremo,40,,,
287,NF,Piero Focaccia - Bobby Rydell,L'inverno cosa fai?,1964,N. Salerno e G. Colonnello,,Non Finalista,Piero Focaccia,1,2011,Mike Bongiorno,Casinò di Sanremo,40,,,
288,NF,Milva - Frida Boccara,L'ultimo tram,1964,G. Calabrese e E. Sciorilli,,Non Finalista,Donatello,1,2002,Mike Bongiorno,Casinò di Sanremo,40,,,
289,NF,Cocky Mazzetti - Los Hermanos Rigual,Mezzanotte,1964,C. Rossi e A. Rotunno,,Non Finalista,Skinny,35,2021,Mike Bongiorno,Casinò di Sanremo,40,,,
290,NF,Claudio Villa - Peggy March,Passo su passo,1964,F. Migliacci e U. Bindi,,Non Finalista,Laura Pausini,47,2023,Mike Bongiorno,Casinò di Sanremo,40,,,
291,NF,Emilio Pericoli - Peter Kraus,Piccolo piccolo,1964,A. Amurri e L. Luttazzi,,Non Finalista,Robertino,38,2016,Mike Bongiorno,Casinò di Sanremo,40,,,
292,NF,Aurelio Fierro - Marina Moran,Sole pizza e amore,1964,T. Giacobetti e A. V. Savona,,Non Finalista,Sacher Quartet,3,2008,Mike Bongiorno,Casinò di Sanremo,40,,,
293,NF,Laura Villa - Los Hermanos Rigual,Sole sole,1964,L. Zanin e A. Casadei,,Non Finalista,Eugenio Bennato,10,2011,Mike Bongiorno,Casinò di Sanremo,40,,,
294,NF,Lilly Bonato - Richard Moser jr.,Tu piangi per niente,1964,V. Pallavicini e P. Soffici,,Non Finalista,Wilma Goich,1,2014,Mike Bongiorno,Casinò di Sanremo,40,,,
295,NF,Nicola Arigliano - Peter Kraus,Venti chilometri al giorno,1964,Mogol e P. Massara,,Non Finalista,Naftalinas,2,2020,Mike Bongiorno,Casinò di Sanremo,40,,,
296,1º,Bobby Solo - The New Christy Minstrels,"Se piangi, se ridi",1965,"Mogol, G. Marchetti, R. Satti",1,Vincitore,,,,Mike Bongiorno,Casinò di Sanremo,43,,,
297,2º (pari merito),Ornella Vanoni - Udo Jürgens,Abbracciami forte,1965,Mogol e C. Donida,2,Finalista,Enrique Guzman,25,1991,Mike Bongiorno,Casinò di Sanremo,43,,,
298,2º (pari merito),Nicola Di Bari - Gene Pitney,Amici miei,1965,V. Pallavicini e G. Colonnello,2,Finalista,I Girasoli,26,2015,Mike Bongiorno,Casinò di Sanremo,43,,,
299,2º (pari merito),Fred Bongusto - Kiki Dee,Aspetta domani,1965,V. Pallavicini e F. Bongusto,2,Finalista,Fred Bongusto,13,2010,Mike Bongiorno,Casinò di Sanremo,43,,,
300,2º (pari merito),Gigliola Cinquetti - Connie Francis,Ho bisogno di vederti,1965,P. Ciampi e R. Ciampi,2,Finalista,Gigliola Cinquetti,18,2010,Mike Bongiorno,Casinò di Sanremo,43,,,
301,2º (pari merito),Betty Curtis - Petula Clark,Invece no,1965,V. Pallavicini e E. Leoni,2,Finalista,Laura Pausini,49,2008,Mike Bongiorno,Casinò di Sanremo,43,,,
302,2º (pari merito),Pino Donaggio - Jody Miller,Io che non vivo (senza te),1965,V. Pallavicini e P. Donaggio,2,Finalista,Il Volo,52,2015,Mike Bongiorno,Casinò di Sanremo,43,,,
303,2º (pari merito),Bruno Filippini - Yukari Ito,L'amore ha i tuoi occhi,1965,V. Pallavicini e G. Kramer,2,Finalista,I Giganti,6,1969,Mike Bongiorno,Casinò di Sanremo,43,,,
304,2º (pari merito),Wilma Goich - The New Christy Minstrels,Le colline sono in fiore,1965,"Mogol, Calibi, C. Donida e R. Angiolini",2,Finalista,Wilma Goich,36,2009,Mike Bongiorno,Casinò di Sanremo,43,,,
305,2º (pari merito),Remo Germani e Le Amiche - Audrey,Prima o poi,1965,"V. Pallavicini, A. Amurri e G. Ferrari",2,Finalista,GrenBaud,34,2019,Mike Bongiorno,Casinò di Sanremo,43,,,
306,2º (pari merito),Vittorio Inzaina - Les Surfs,Si vedrà,1965,A. Gentile e C. Lentini,2,Finalista,Ornella Vanoni,1,1989,Mike Bongiorno,Casinò di Sanremo,43,,,
307,2º (pari merito),Milva - Bernd Spier,Vieni con noi,1965,F. Maresca e M. Pagano,2,Finalista,Alien Cut,27,2021,Mike Bongiorno,Casinò di Sanremo,43,,,
308,NF,John Foster - Joe Damiano,Cominciamo ad amarci,1965,V. Pallavicini e G. Mescoli,,Non Finalista,John Foster,35,1965,Mike Bongiorno,Casinò di Sanremo,43,,,
309,NF,Ricky Gianco - Jody Miller,Devi essere tu,1965,V. D'Acquisto e R. Gianco,,Non Finalista,Paola & Chiara,8,2013,Mike Bongiorno,Casinò di Sanremo,43,,,
310,NF,Gianni Mascolo - Dusty Springfield,Di fronte all'amore,1965,S. Simoni e U. Bindi,,Non Finalista,Gaetano Donizetti,19,1971,Mike Bongiorno,Casinò di Sanremo,43,,,
311,NF,Don Miko - Timi Yuro,E poi verrà l'autunno,1965,"A. Amurri, F. Pisano e A. Bascerano",,Non Finalista,Orietta Berti,0,2015,Mike Bongiorno,Casinò di Sanremo,43,,,
312,NF,Iva Zanicchi - Gene Pitney,I tuoi anni più belli,1965,"Mogol, M. Gaspari e E. Polito",,Non Finalista,Iva Zanicchi,4,2010,Mike Bongiorno,Casinò di Sanremo,43,,,
313,NF,Bruno Lauzi - Kenny Rankin,Il tuo amore,1965,B. Lauzi,,Non Finalista,Cris Pop New,29,2023,Mike Bongiorno,Casinò di Sanremo,43,,,
314,NF,Giordano Colombo - Hoagy Lands,Io non volevo,1965,R. Leva e G. P. Reverberi,,Non Finalista,MINACELENTANO,40,1998,Mike Bongiorno,Casinò di Sanremo,43,,,
315,NF,Beppe Cardile - Anita Harris,L'amore è partito,1965,B. Cardile,,Non Finalista,Beppe Cardile,1,2015,Mike Bongiorno,Casinò di Sanremo,43,,,
316,NF,Robertino - Danyel Gérard,Mia cara,1965,Mogol e P. Massara,,Non Finalista,Bobby Solo,19,2012,Mike Bongiorno,Casinò di Sanremo,43,,,
317,NF,Franco Tozzi - Johnny Tillotson,Non a caso il destino (Ci ha fatto incontrare),1965,Antartide e C. A. Rossi,,Non Finalista,Franco Tozzi,1,2019,Mike Bongiorno,Casinò di Sanremo,43,,,
318,NF,Peppino Gagliardi - Timi Yuro,Ti credo,1965,G. Amendola e P. Gagliardi,,Non Finalista,Rilassante musica profonda,3,2023,Mike Bongiorno,Casinò di Sanremo,43,,,
319,NF,Fabrizio Ferretti - Dusty Springfield,Tu che ne sai?,1965,A. Amurri e F. Pisano,,Non Finalista,Gigi D'Alessio,44,2017,Mike Bongiorno,Casinò di Sanremo,43,,,
320,1º,Domenico Modugno - Gigliola Cinquetti,"Dio, come ti amo",1966,D. Modugno,1,Vincitore,,,,Mike Bongiorno,Casinò di Sanremo,47,,,
321,2º,Caterina Caselli - Gene Pitney,Nessuno mi può giudicare,1966,"D. Pace, M. Panzeri, L. Beretta e M. Del Prete",2,Finalista,Caterina Caselli,58,1966,Mike Bongiorno,Casinò di Sanremo,47,,,
322,3º,Wilma Goich - Les Surfs,In un fiore,1966,C. Donida e Mogol,3,Finalista,Chiara Arduini,4,2024,Mike Bongiorno,Casinò di Sanremo,47,,,
323,4º,Pino Donaggio - Claudio Villa,Una casa in cima al mondo,1966,P. Donaggio e V. Pallavicini,4,Finalista,Mina,29,1966,Mike Bongiorno,Casinò di Sanremo,47,,,
324,5º,Anna Identici - The New Christy Minstrels,Una rosa da Vienna,1966,G. Guarnieri e B. Lauzi,5,Finalista,Anna Identici,0,1994,Mike Bongiorno,Casinò di Sanremo,47,,,
325,6º (ex aequo),Orietta Berti - Ornella Vanoni,Io ti darò di più,1966,M. Remigi e A. Testa,6,Finalista,Orietta Berti,38,2000,Mike Bongiorno,Casinò di Sanremo,47,,,
326,6º (ex aequo),Giorgio Gaber - Pat Boone,Mai mai mai Valentina,1966,G. Colonnello e A. Testa,6,Finalista,Giorgio Gaber,40,2010,Mike Bongiorno,Casinò di Sanremo,47,,,
327,8º,Edoardo Vianello - Françoise Hardy,Parlami di te,1966,E. Vianello e V. Pallavicini,8,Finalista,L-DREAM,33,2023,Mike Bongiorno,Casinò di Sanremo,47,,,
328,9º (ex aequo),Sergio Endrigo - Chad & Jeremy,Adesso sì,1966,S. Endrigo,9,Finalista,Lucio Battisti,20,1971,Mike Bongiorno,Casinò di Sanremo,47,,,
329,9º (ex aequo),Milva - Richard Anthony,Nessuno di voi,1966,G. Kramer e V. Pallavicini,9,Finalista,WOW,4,2014,Mike Bongiorno,Casinò di Sanremo,47,,,
330,9º (ex aequo),Peppino Gagliardi - Pat Boone,Se tu non fossi qui,1966,C. A. Rossi e M. Terzi,9,Finalista,Mina,30,1966,Mike Bongiorno,Casinò di Sanremo,47,,,
331,12º,Remo Germani - Les Surfs,Così come viene,1966,E. Leoni e V. Pallavicini,12,Finalista,Remo Germani,3,1966,Mike Bongiorno,Casinò di Sanremo,47,,,
332,13º,Iva Zanicchi - Vic Dana,La notte dell'addio,1966,"A. Amadesi, G. Diverio, M. Remigi e A. Testa",13,Finalista,Iva Zanicchi,29,1966,Mike Bongiorno,Casinò di Sanremo,47,,,
333,14º,I Ribelli - The New Christy Minstrels,A la buena de Dios,1966,G. Malgoni e B. Pallesi,14,Finalista,La 25,29,2018,Mike Bongiorno,Casinò di Sanremo,47,,,
334,NF,Luciana Turina - Gino,Dipendesse da me,1966,V. Pallavicini e I. Pattacini,,Non Finalista,Al Rangone,7,2008,Mike Bongiorno,Casinò di Sanremo,47,,,
335,NF,Adriano Celentano - Trio del Clan,Il ragazzo della via Gluck,1966,"L. Beretta, M. Del Prete e A. Celentano",,Non Finalista,Adriano Celentano,46,1969,Mike Bongiorno,Casinò di Sanremo,47,,,
336,NF,Franco Tozzi - Bobby Vinton,Io non posso crederti,1966,G. Marchetti e G. Sanjust,,Non Finalista,,,,Mike Bongiorno,Casinò di Sanremo,47,,,
337,NF,Anna Marchetti - Plinio Maggi,Io ti amo,1966,G. Fallabrino e P. Maggi,,Non Finalista,Tony Colombo,29,2015,Mike Bongiorno,Casinò di Sanremo,47,,,
338,NF,Gino Paoli - Ricardo,La carta vincente,1966,G. Paoli,,Non Finalista,Memo Remigi,1,2015,Mike Bongiorno,Casinò di Sanremo,47,,,
339,NF,Nicola Di Bari - Gene Pitney,Lei mi aspetta,1966,V. Pallavicini e A. Baldan Bembo,,Non Finalista,Giusy Attanasio,15,2018,Mike Bongiorno,Casinò di Sanremo,47,,,
340,NF,Lucio Dalla - The Yardbirds,Pafff... bum!,1966,S. Bardotti e G. F. Reverberi,,Non Finalista,Lucio Dalla,27,1966,Mike Bongiorno,Casinò di Sanremo,47,,,
341,NF,Giuseppe Di Stefano - P. J. Proby,Per questo voglio te,1966,Mogol e M. Deponti,,Non Finalista,Ornella Vanoni,0,1996,Mike Bongiorno,Casinò di Sanremo,47,,,
342,NF,Luciano Tomei - Luis Alberto del Paranà e Los Paraguayos,Quando vado sulla riva,1966,F. Maresca e M. Pagano,,Non Finalista,Pino Daniele,60,1991,Mike Bongiorno,Casinò di Sanremo,47,,,
343,NF,Bobby Solo - The Yardbirds,Questa volta,1966,Mogol e R. Satti,,Non Finalista,Ludovico Einaudi,44,2004,Mike Bongiorno,Casinò di Sanremo,47,,,
344,NF,John Foster - Paola Bertoni,Se questo ballo non finisse mai,1966,V. Pallavicini e G. Mescoli,,Non Finalista,Paola Bertoni,0,1965,Mike Bongiorno,Casinò di Sanremo,47,,,
345,NF,Equipe 84 - The Renegades,Un giorno tu mi cercherai,1966,Pantros e F. Campanino,,Non Finalista,Topi Sorsakoski,34,2007,Mike Bongiorno,Casinò di Sanremo,47,,,
346,1º,Claudio Villa - Iva Zanicchi,Non pensare a me,1967,A. Testa e E. Sciorilli,1,Vincitore,,,,Mike Bongiorno,Casinò di Sanremo,58,,,
347,2º,Annarita Spinaci - Les Surfs,Quando dico che ti amo,1967,A. Testa e T. Renis,2,Finalista,Tony Renis,33,2001,Mike Bongiorno,Casinò di Sanremo,58,,,
348,3º,I Giganti - The Bachelors,Proposta,1967,Albula e G. B. Martelli,3,Finalista,I Giganti,36,2010,Mike Bongiorno,Casinò di Sanremo,58,,,
349,4º,Ornella Vanoni - Mario Guarnera,La musica è finita,1967,"Nisa, F. Califano e U. Bindi",4,Finalista,Mina,20,1968,Mike Bongiorno,Casinò di Sanremo,58,,,
350,5º,Orietta Berti - Les Compagnons de la Chanson,"Io, tu e le rose",1967,"D. Pace, M. Panzeri, M. G. Gili e L. Barazzetti",5,Finalista,Orietta Berti,30,1998,Mike Bongiorno,Casinò di Sanremo,58,,,
351,6º,Lucio Dalla - The Rokes,Bisogna saper perdere,1967,G. Cassia e R. Cini,6,Finalista,The Rokes,22,2017,Mike Bongiorno,Casinò di Sanremo,58,,,
352,7º,Sergio Endrigo - Memo Remigi,Dove credi di andare,1967,S. Endrigo,7,Finalista,Sergio Endrigo,3,1968,Mike Bongiorno,Casinò di Sanremo,58,,,
353,8º,Gian Pieretti - Antoine,Pietre,1967,G. Pieretti e R. Gianco,8,Finalista,Nerissima Serpe,45,2023,Mike Bongiorno,Casinò di Sanremo,58,,,
354,9º,Johnny Dorelli - Don Backy,L'immensità,1967,"D. Backy, Mogol e D. Mariano",9,Finalista,Johnny Dorelli,39,1990,Mike Bongiorno,Casinò di Sanremo,58,,,
355,10º,Little Tony - Mario Zelinotti,Cuore matto,1967,A. Ambrosino e T. Savio,10,Finalista,Little Tony,50,2000,Mike Bongiorno,Casinò di Sanremo,58,,,
356,11º (ex aequo),Pino Donaggio - Carmen Villani,Io per amore,1967,"P. Donaggio, G. Paoli e V. Pallavicini",11,Finalista,Pino Donaggio,21,2004,Mike Bongiorno,Casinò di Sanremo,58,,,
357,11º (ex aequo),Wilma Goich - The Bachelors,Per vedere quant'è grande il mondo,1967,Mogol e C. Donida,11,Finalista,Wilma Goich,2,2001,Mike Bongiorno,Casinò di Sanremo,58,,,
358,13º (ex aequo),Giorgio Gaber - Remo Germani,E allora dai,1967,G. Gaber,13,Finalista,Giorgio Gaber,28,2010,Mike Bongiorno,Casinò di Sanremo,58,,,
359,13º (ex aequo),Gianni Pettenati - Gene Pitney,La rivoluzione,1967,Mogol e R. Soffici,13,Finalista,Gianni Pettenati,34,2015,Mike Bongiorno,Casinò di Sanremo,58,,,
360,NF,Bobby Solo - Connie Francis,Canta ragazzina,1967,"Prog, I. Pattacini e C. Donida",,Non Finalista,Mina,19,2014,Mike Bongiorno,Casinò di Sanremo,58,,,
361,NF,Riki Maiocchi - Marianne Faithfull,C'è chi spera,1967,"M. Panzeri, D. Pace e G. Colonnello",,Non Finalista,Riki Maiocchi,4,1998,Mike Bongiorno,Casinò di Sanremo,58,,,
362,NF,Luigi Tenco - Dalida,"Ciao amore, ciao",1967,L. Tenco,,Non Finalista,Luigi Tenco,43,2001,Mike Bongiorno,Casinò di Sanremo,58,,,
363,NF,Peppino Di Capri - Dionne Warwick,Dedicato all'amore,1967,"A. Testa, D. Pace e F. Carraresi",,Non Finalista,Mauro Caputo,7,2001,Mike Bongiorno,Casinò di Sanremo,58,,,
364,NF,Roberta Amadei - Carmelo Pagano,Devi aver fiducia in me,1967,F. Specchia e R. Martini,,Non Finalista,The Hollies,1,1966,Mike Bongiorno,Casinò di Sanremo,58,,,
365,NF,Tony Del Monaco - Betty Curtis,È più forte di me,1967,T. Del Monaco e E. Polito,,Non Finalista,Ligabue,26,2005,Mike Bongiorno,Casinò di Sanremo,58,,,
366,NF,Fred Bongusto - Anna German,Gi,1967,"V. Pallavicini, A. Amurri e F. Bongusto",,Non Finalista,J Balvin,75,2016,Mike Bongiorno,Casinò di Sanremo,58,,,
367,NF,Nicola Di Bari - Gene Pitney,Guardati alle spalle,1967,L. Beretta e D. Pace,,Non Finalista,Nicola Di Bari,1,1967,Mike Bongiorno,Casinò di Sanremo,58,,,
368,NF,Caterina Caselli - Sonny Bono e Cher,Il cammino di ogni speranza,1967,U. Napolitano,,Non Finalista,Caterina Caselli,18,1967,Mike Bongiorno,Casinò di Sanremo,58,,,
369,NF,Nico Fidenco - Cher,Ma piano (Per non svegliarmi),1967,G. Meccia,,Non Finalista,Nomadi,2,1994,Mike Bongiorno,Casinò di Sanremo,58,,,
370,NF,Jimmy Fontana - Edoardo Vianello,Nasce una vita,1967,S. Bardotti e J. Fontana,,Non Finalista,4Tu,13,2019,Mike Bongiorno,Casinò di Sanremo,58,,,
371,NF,Mino Reitano - The Hollies,Non prego per me,1967,Mogol e L. Battisti,,Non Finalista,Mino Reitano,10,2014,Mike Bongiorno,Casinò di Sanremo,58,,,
372,NF,Los Marcellos Ferial - The Happenings,Quando vedrò,1967,M. Terzi e C. A. Rossi,,Non Finalista,dile,39,2022,Mike Bongiorno,Casinò di Sanremo,58,,,
373,NF,Domenico Modugno - Gidiuli,Sopra i tetti azzurri del mio pazzo amore,1967,V. Pallavicini e D. Modugno,,Non Finalista,Domenico Modugno,3,2013,Mike Bongiorno,Casinò di Sanremo,58,,,
374,NF,Donatella Moretti - Bobby Goldsboro,Una ragazza,1967,"V. Pallavicini, B. Pallesi e W. Malgoni",,Non Finalista,I Giganti,54,1966,Mike Bongiorno,Casinò di Sanremo,58,,,
375,NF,Milva - Los Bravos,Uno come noi,1967,"U. Martucci, G. Bertero e M. Marini",,Non Finalista,Nashley,45,2023,Mike Bongiorno,Casinò di Sanremo,58,,,
376,1º,Sergio Endrigo - Roberto Carlos,Canzone per te,1968,"S. Endrigo, S. Bardotti",1,Vincitore,,,,Pippo Baudo,Casinò di Sanremo,48,,,
377,2º,Ornella Vanoni - Marisa Sannia,Casa bianca,1968,"A. Caponi, E. La Valle",2,Finalista,Don Backy,20,2012,Pippo Baudo,Casinò di Sanremo,48,,,
378,3º,Adriano Celentano - Milva,Canzone,1968,"A. Caponi, D. Mariano",3,Finalista,Lucio Dalla,57,1996,Pippo Baudo,Casinò di Sanremo,48,,,
379,4º,Fausto Leali - Wilson Pickett,Deborah,1968,"V. Pallavicini, G. Conte e P. Massara",4,Finalista,Enzo Dong,41,2019,Pippo Baudo,Casinò di Sanremo,48,,,
380,5º,Antoine - Gianni Pettenati,La tramontana,1968,D. Pace e M. Panzeri,5,Finalista,Gianni Pettenati,35,2015,Pippo Baudo,Casinò di Sanremo,48,,,
381,6º,Anna Identici - The Sandpipers,Quando m'innamoro,1968,"M. Panzeri, D. Pace e R. Livraghi",6,Finalista,Anna Identici,25,2002,Pippo Baudo,Casinò di Sanremo,48,,,
382,7º,Massimo Ranieri - I Giganti,Da bambino,1968,R. Pradella e R. Angiolini,7,Finalista,Massimo Ranieri,11,1984,Pippo Baudo,Casinò di Sanremo,48,,,
383,8º,Gigliola Cinquetti - Giuliana Valci,Sera,1968,R. Vecchioni e A. Lo Vecchio,8,Finalista,Sfera Ebbasta,68,2016,Pippo Baudo,Casinò di Sanremo,48,,,
384,9º,Al Bano - Bobbie Gentry,La siepe,1968,V. Pallavicini e P. Massara,9,Finalista,Fulminacci,47,2024,Pippo Baudo,Casinò di Sanremo,48,,,
385,10º,Little Tony - Mario Guarnera,Un uomo piange solo per amore,1968,"Petaluma, M. Vicari e M. Marrocchi",10,Finalista,Little Tony,41,1990,Pippo Baudo,Casinò di Sanremo,48,,,
386,11º,Wilma Goich - Dino,Gli occhi miei,1968,Mogol e C. Donida,11,Finalista,Dino,28,1997,Pippo Baudo,Casinò di Sanremo,48,,,
387,12º,Annarita Spinaci - Yoko Kishi,Stanotte sentirai una canzone,1968,T. Queirolo e F. Bracardi,12,Finalista,Lara Saint Paul,1,2019,Pippo Baudo,Casinò di Sanremo,48,,,
388,13º,Louis Armstrong - Lara Saint Paul,Mi va di cantare,1968,"V. Buonassisi, G. Bertero, M. Marini e A. Valleroni",13,Finalista,Louis Armstrong,31,2013,Pippo Baudo,Casinò di Sanremo,48,,,
389,14º,Tony Del Monaco - Dionne Warwick,La voce del silenzio,1968,"P. Limiti, Mogol e E. Isola",14,Finalista,Andrea Bocelli,27,2007,Pippo Baudo,Casinò di Sanremo,48,,,
390,NF,Peppino Gagliardi - Eartha Kitt,Che vale per me,1968,M. Terzi e C. A. Rossi,,Non Finalista,Valerio Scanu,10,2010,Pippo Baudo,Casinò di Sanremo,48,,,
391,NF,Tony Renis - Domenico Modugno,Il posto mio,1968,A. Testa e T. Renis,,Non Finalista,Francesca Michielin,22,2018,Pippo Baudo,Casinò di Sanremo,48,,,
392,NF,Nino Ferrer - Pilade,Il re d'Inghilterra,1968,N. Ferrer,,Non Finalista,Gianfranco Intra Orchestra,0,2021,Pippo Baudo,Casinò di Sanremo,48,,,
393,NF,Johnny Dorelli - Paul Anka,La farfalla impazzita,1968,Mogol e L. Battisti,,Non Finalista,Lucio Battisti,17,2020,Pippo Baudo,Casinò di Sanremo,48,,,
394,NF,Elio Gandolfi - Shirley Bassey,La vita,1968,A. Amurri e B. Canfora,,Non Finalista,Max Gazzè,56,2015,Pippo Baudo,Casinò di Sanremo,48,,,
395,NF,The Rokes - The Cowsills,Le opere di Bartolomeo,1968,S. Bardotti e R. Cini,,Non Finalista,The Rokes,14,2002,Pippo Baudo,Casinò di Sanremo,48,,,
396,NF,Pino Donaggio - Timi Yuro,Le solite cose,1968,V. Pallavicini e P. Donaggio,,Non Finalista,Stefano Bollani,31,2010,Pippo Baudo,Casinò di Sanremo,48,,,
397,NF,Giusy Romeo - Sacha Distel,No amore,1968,"V. Pallavicini, P. Conte, M. Deponti e E. Intra",,Non Finalista,Giuni Russo,3,2013,Pippo Baudo,Casinò di Sanremo,48,,,
398,NF,Iva Zanicchi - Udo Jürgens,Per vivere,1968,Nisa e U. Bindi,,Non Finalista,Laura Pausini,23,2000,Pippo Baudo,Casinò di Sanremo,48,,,
399,NF,Orietta Berti - Piergiorgio Farina,Tu che non sorridi mai,1968,M. Terzi e S. Sili,,Non Finalista,Orietta Berti,3,2000,Pippo Baudo,Casinò di Sanremo,48,,,
400,1º,Bobby Solo - Iva Zanicchi,Zingara,1969,L. Albertelli e E. Riccardi,1,Vincitore,,,,Nuccio Costa,Casinò di Sanremo,48,,,
401,2º,Sergio Endrigo - Mary Hopkin,Lontano dagli occhi,1969,"S. Bardotti, S. Endrigo e L. Bacalov",2,Finalista,Sergio Endrigo,40,2000,Nuccio Costa,Casinò di Sanremo,48,,,
402,3º,Don Backy - Milva,Un sorriso,1969,A. Caponi e D. Mariano,3,Finalista,Don Backy,10,2012,Nuccio Costa,Casinò di Sanremo,48,,,
403,4º,Fausto Leali - Tony Del Monaco,Un'ora fa,1969,"L. Beretta, E. Parazzini e G. Intra",4,Finalista,Fausto Leali,38,1970,Nuccio Costa,Casinò di Sanremo,48,,,
404,5º,Nada - The Rokes,Ma che freddo fa,1969,F. Migliacci e C. Mattone,5,Finalista,Nada,60,1969,Nuccio Costa,Casinò di Sanremo,48,,,
405,6º,Gigliola Cinquetti - France Gall,La pioggia,1969,"D. Pace, G. Argenio, C. Conti e M. Panzeri",6,Finalista,Gigliola Cinquetti,34,1983,Nuccio Costa,Casinò di Sanremo,48,,,
406,7º,Mal - The Showmen,Tu sei bella come sei,1969,"G. Cassia, S. Bardotti, M. Marrocchi e M. Vicari",7,Finalista,DANDY TURNER,52,2019,Nuccio Costa,Casinò di Sanremo,48,,,
407,8º,Caterina Caselli - Johnny Dorelli,Il gioco dell'amore,1969,F. Migliacci e I. Callegari,8,Finalista,Danijay,48,2003,Nuccio Costa,Casinò di Sanremo,48,,,
408,9º,Lucio Battisti - Wilson Pickett,Un'avventura,1969,Mogol e L. Battisti,9,Finalista,Lucio Battisti,61,1969,Nuccio Costa,Casinò di Sanremo,48,,,
409,10º,Orietta Berti - Massimo Ranieri,Quando l'amore diventa poesia,1969,Mogol e P. Soffici,10,Finalista,Il Volo,44,2015,Nuccio Costa,Casinò di Sanremo,48,,,
410,11º,Carmen Villani - Alessandra Casaccia,Piccola piccola,1969,"V. Buonassisi, G. Bertero, M. Marini e A. Valleroni",11,Finalista,Gianni Marchetti,38,1969,Nuccio Costa,Casinò di Sanremo,48,,,
411,12º,Little Tony - Mario Zelinotti,Bada bambina,1969,F. Migliacci e B. Zambrini,12,Finalista,Little Tony,32,2000,Nuccio Costa,Casinò di Sanremo,48,,,
412,13º,Rita Pavone - Dik Dik,Zucchero,1969,"Mogol, L. Clausetti, R. Soffici, P. Soffici e R. Guscelli",13,Finalista,Zucchero,55,1995,Nuccio Costa,Casinò di Sanremo,48,,,
413,14º,Riccardo Del Turco - Antoine,Cosa hai messo nel caffè?,1969,"G. Bigazzi, R. Del Turco e G. Reverberi",14,Finalista,Malika Ayane,39,2013,Nuccio Costa,Casinò di Sanremo,48,,,
414,NF,Junior Magli - The Casuals,Alla fine della strada,1969,"D. Pace, M. Panzeri e L. Pilat",,Non Finalista,Orietta Berti,13,2000,Nuccio Costa,Casinò di Sanremo,48,,,
415,NF,Wilma Goich - The Sweet Inspirations,Baci baci baci,1969,S. Bardotti e F. Bracardi,,Non Finalista,Fulminacci,59,2024,Nuccio Costa,Casinò di Sanremo,48,,,
416,NF,Checco - Elio Gandolfi,Il sole è tramontato,1969,"R. Pradella, C. Marsella, R. Nisi e G. Moschini",,Non Finalista,Giorgio Carnini,0,2019,Nuccio Costa,Casinò di Sanremo,48,,,
417,NF,Rosanna Fratello - Brenton Wood,Il treno,1969,V. Pallavicini e E. Isola,,Non Finalista,Riccardo Cocciante,31,1979,Nuccio Costa,Casinò di Sanremo,48,,,
418,NF,New Trolls - Leonardo,Io che ho te,1969,"G. D'Adamo, V. De Scalzi e N. Di Palo",,Non Finalista,New Trolls,29,2013,Nuccio Costa,Casinò di Sanremo,48,,,
419,NF,Robertino - Rocky Roberts,Le belle donne,1969,"V. Pallavicini, G. Conte e M. Virano",,Non Finalista,Stadio,17,2007,Nuccio Costa,Casinò di Sanremo,48,,,
420,NF,Mino Reitano - Claudio Villa,Meglio una sera (Piangere da solo),1969,"N. Salerno, A. Salerno, F. Reitano e M. Reitano",,Non Finalista,Claudio Villa,8,2008,Nuccio Costa,Casinò di Sanremo,48,,,
421,NF,Armando Savini - Sonia,Non c'è che lei,1969,M. Terzi e C. A. Rossi,,Non Finalista,Nek,20,1997,Nuccio Costa,Casinò di Sanremo,48,,,
422,NF,Gabriella Ferri - Stevie Wonder,Se tu ragazzo mio,1969,"V. Ferri, G. Ferri e P. Pintucci",,Non Finalista,Tutte Le Cose Inutili,15,2023,Nuccio Costa,Casinò di Sanremo,48,,,
423,NF,Memo Remigi - Isabella Iannetti,Una famiglia,1969,A. Testa e M. Remigi,,Non Finalista,La Comparsa Del Jona,25,2020,Nuccio Costa,Casinò di Sanremo,48,,,
424,1º,Adriano Celentano - Claudia Mori,Chi non lavora non fa l'amore,1970,"L. Beretta, M. Del Prete, A. Celentano, N. de Luca",1,Vincitore,,,,Nuccio Costa,Casinò di Sanremo,52,,,
425,2º,Nicola Di Bari - Ricchi e Poveri,La prima cosa bella,1970,"Mogol, M. Scommegna, G. F. Reverberi",2,Finalista,Nicola Di Bari,49,2000,Nuccio Costa,Casinò di Sanremo,52,,,
426,3º,Sergio Endrigo - Iva Zanicchi,L'arca di Noè,1970,"S. Endrigo, L. Bacalov",3,Finalista,Iva Zanicchi,28,2010,Nuccio Costa,Casinò di Sanremo,52,,,
427,4º,Ornella Vanoni - Camaleonti,Eternità,1970,"G. Bigazzi, C. Cavallaro",4,Finalista,Ornella Vanoni,32,2008,Nuccio Costa,Casinò di Sanremo,52,,,
428,5º,Patty Pravo - Little Tony,La spada nel cuore,1970,"Mogol, C. Donida Labati",5,Finalista,Little Tony,42,1990,Nuccio Costa,Casinò di Sanremo,52,,,
429,6º,Gigliola Cinquetti - Bobby Solo,Romantico blues,1970,"L. Pilat, M. Panzeri e D. Pace",6,Finalista,Engelbert Humperdinck,36,2021,Nuccio Costa,Casinò di Sanremo,52,,,
430,7º,Rosalino Cellamare - Nada,Pa' diglielo a ma',1970,"F. Migliacci, R. Gigli, E. Sbriccoli, M. Cantini e L. Greco",7,Finalista,Nada,11,2001,Nuccio Costa,Casinò di Sanremo,52,,,
431,8º (ex aequo),Antoine - Anna Identici,Taxi,1970,"G. Argenio, F. Arrigoni, D. Pace, M. Panzeri e C. Conti",8,Finalista,Tony Effe,72,2023,Nuccio Costa,Casinò di Sanremo,52,,,
432,8º (ex aequo),Orietta Berti - Mario Tessuto,Tipitipitì,1970,"L. Pilat, M. Panzeri e D. Pace",8,Finalista,Orietta Berti,8,1998,Nuccio Costa,Casinò di Sanremo,52,,,
433,10º,Luciano Tajoli - Mal,Sole pioggia e vento,1970,Mogol e A. Isola,10,Finalista,Perigeo,4,1973,Nuccio Costa,Casinò di Sanremo,52,,,
434,11º,Gianni Nazzaro - Marisa Sannia,L'amore è una colomba,1970,G. Bigazzi e Totò Savio,11,Finalista,Gianni Nazzaro,7,1990,Nuccio Costa,Casinò di Sanremo,52,,,
435,12º,Fausto Leali - Carmen Villani,Hippy,1970,L. Beretta e F. Leali,12,Finalista,Fausto Leali,1,1970,Nuccio Costa,Casinò di Sanremo,52,,,
436,13º,Tony Renis - Sergio Leonardi,Canzone blu,1970,"Mogol, A. Testa e E. Cesari",13,Finalista,Peter White,43,2023,Nuccio Costa,Casinò di Sanremo,52,,,
437,14º,Nino Ferrer - Caterina Caselli,Re di cuori,1970,"G. Bigazzi, C. Cavallaro e Totò Savio",14,Finalista,Yosef,22,2023,Nuccio Costa,Casinò di Sanremo,52,,,
438,NF,Rocky Roberts - Il Supergruppo,Accidenti,1970,G. Pieretti e R. Gianco,,Non Finalista,Rocky Roberts,16,2002,Nuccio Costa,Casinò di Sanremo,52,,,
439,NF,Rita Pavone - Valeria Mongardini,Ahi ahi ragazzo!,1970,F. Migliacci e U. Napolitano,,Non Finalista,Rita Pavone,16,2009,Nuccio Costa,Casinò di Sanremo,52,,,
440,NF,Ragazzi della via Gluck - Paolo Mengoli,Ahi! Che male che mi fai,1970,C. Minellono e S. Cutugno,,Non Finalista,Paolo Mengoli,0,2000,Nuccio Costa,Casinò di Sanremo,52,,,
441,NF,Pino Donaggio - Sandie Shaw,Che effetto mi fa,1970,C. Minellono e G. Donaggio,,Non Finalista,DOXX,29,2021,Nuccio Costa,Casinò di Sanremo,52,,,
442,NF,Rosanna Fratello - I Domodossola,Ciao anni verdi,1970,"V. Pallavicini, N. De Luca e A. Celentano",,Non Finalista,Rosanna Fratello,3,2001,Nuccio Costa,Casinò di Sanremo,52,,,
443,NF,Donatello - Dik Dik,Io mi fermo qui,1970,L. Albertelli e E. Riccardi,,Non Finalista,Ornella Vanoni,31,2001,Nuccio Costa,Casinò di Sanremo,52,,,
444,NF,Michele - Lucia Rizzi,L'addio,1970,"S. Bardotti, A. Lo Vecchio, G. Antola, M. Francesio e P. Maggi",,Non Finalista,Giuni Russo,30,1981,Nuccio Costa,Casinò di Sanremo,52,,,
445,NF,Emiliana Perina - Gens,La stagione di un fiore,1970,"L. Rossi, S. Ruisi e G. Marchetti",,Non Finalista,Gens,1,2006,Nuccio Costa,Casinò di Sanremo,52,,,
446,NF,Renato Rascel - Pio,Nevicava a Roma,1970,"M. Del Prete, L. Beretta, R. Negri e G. Verdecchia",,Non Finalista,Renato Rascel,2,1963,Nuccio Costa,Casinò di Sanremo,52,,,
447,NF,Rossano - Dori Ghezzi,Occhi a mandorla,1970,V. Pallavicini e P. Soffici,,Non Finalista,Viross,1,2022,Nuccio Costa,Casinò di Sanremo,52,,,
448,NF,Francesco Banti - Dino Drusiani,Ora vivo,1970,A. Favata e A. Pagani,,Non Finalista,I Bisaquei,0,2012,Nuccio Costa,Casinò di Sanremo,52,,,
449,NF,Claudio Villa - Tony Del Monaco,Serenata,1970,"G. Bigazzi, F. Polito e A. Rosario",,Non Finalista,Jovanotti,51,1994,Nuccio Costa,Casinò di Sanremo,52,,,
450,1º,Nada - Nicola Di Bari,Il cuore è uno zingaro,1971,F. Migliacci e C. Mattone,1,Vincitore,,,,Carlo Giuffré,Casinò di Sanremo,48,,,
451,2º,Ricchi e Poveri - José Feliciano,Che sarà,1971,"F. Migliacci, C. Pes e J. Fontana",2,Finalista,Achille Lauro,49,2022,Carlo Giuffré,Casinò di Sanremo,48,,,
452,3º,Lucio Dalla - Equipe 84,4 marzo 1943,1971,L. Dalla e P. Pallottino,3,Finalista,Lucio Dalla,58,1970,Carlo Giuffré,Casinò di Sanremo,48,,,
453,4º,Donatello - Marisa Sannia,Com'è dolce la sera,1971,L. Albertelli e E. Riccardi,4,Finalista,Rosanna Fratello,6,2013,Carlo Giuffré,Casinò di Sanremo,48,,,
454,5º,Adriano Celentano - Coro Alpino Milanese,Sotto le lenzuola,1971,"L. Beretta, M. Del Prete e A. Celentano",5,Finalista,Gigi D'Alessio,47,1997,Carlo Giuffré,Casinò di Sanremo,48,,,
455,6º,Domenico Modugno - Carmen Villani,Come stai?,1971,R. Pazzaglia e D. Modugno,6,Finalista,Karma,19,2021,Carlo Giuffré,Casinò di Sanremo,48,,,
456,7º,Don Backy - Gianni Nazzaro,Bianchi cristalli sereni,1971,A. Caponi,7,Finalista,Don Backy,13,1996,Carlo Giuffré,Casinò di Sanremo,48,,,
457,8º,Al Bano - Aguaviva,"13, storia d'oggi",1971,V. Pallavicini e A. Carrisi,8,Finalista,Al Bano,2,2014,Carlo Giuffré,Casinò di Sanremo,48,,,
458,9º,Gigliola Cinquetti - Ray Conniff,Rose nel buio,1971,"L. Pilat, M. Panzeri e D. Pace",9,Finalista,Gigliola Cinquetti,2,2009,Carlo Giuffré,Casinò di Sanremo,48,,,
459,10º,Caterina Caselli - Dik Dik,Ninna nanna (Cuore mio),1971,L. Albertelli e E. Riccardi,10,Finalista,Dik Dik,9,2002,Carlo Giuffré,Casinò di Sanremo,48,,,
460,11º,Pino Donaggio - Peppino Di Capri,L'ultimo romantico,1971,V. Pallavicini e P. Donaggio,11,Finalista,Pino Donaggio,27,2013,Carlo Giuffré,Casinò di Sanremo,48,,,
461,12º,Little Tony - Formula 3,La folle corsa,1971,Mogol e C. Donida,12,Finalista,Lucio Battisti,20,2020,Carlo Giuffré,Casinò di Sanremo,48,,,
462,13º,Sergio Endrigo - New Trolls,Una storia,1971,S. Endrigo,13,Finalista,Eros Ramazzotti,49,2014,Carlo Giuffré,Casinò di Sanremo,48,,,
463,14º,Sergio Menegale - Wallace Collection,Il sorriso il paradiso,1971,S. Menegale e G. D'Errico,14,Finalista,Capitolo 6,7,2021,Carlo Giuffré,Casinò di Sanremo,48,,,
464,NF,Rosanna Fratello - Nino Ferrer,Amsterdam,1971,"D. Pace, M. Panzeri e P. Calvi",,Non Finalista,Nothing But Thieves,69,2017,Carlo Giuffré,Casinò di Sanremo,48,,,
465,NF,Maurizio & Fabrizio - Protagonisti,Andata e ritorno,1971,D. Renzetti e L. Albertelli,,Non Finalista,Gianni Bismark,39,2023,Carlo Giuffré,Casinò di Sanremo,48,,,
466,NF,Paolo Mengoli - Mark e Martha,I ragazzi come noi,1971,E. Lombardi e G. Balducci,,Non Finalista,I Corvi,1,2003,Carlo Giuffré,Casinò di Sanremo,48,,,
467,NF,Antoine - Anna Identici,Il dirigibile,1971,L. Albertelli e M. Fabrizio,,Non Finalista,Iubal Kollettivo Musicale,1,2009,Carlo Giuffré,Casinò di Sanremo,48,,,
468,NF,I Giganti - Fabio Trioli,Il viso di lei,1971,"Baracuda, V. Tempera e S. Scandolara",,Non Finalista,Ada Mori,0,2021,Carlo Giuffré,Casinò di Sanremo,48,,,
469,NF,Jordan e i middle of the road - Gens,Lo schiaffo,1971,G. Deriu e V. Barsanti,,Non Finalista,I Brutos,2,2011,Carlo Giuffré,Casinò di Sanremo,48,,,
470,NF,Edda Ollari - Lorenza Visconti,L'ora giusta,1971,"C. Conti, D. Pace, M. Panzeri e G. Argenio",,Non Finalista,CoCo,23,2016,Carlo Giuffré,Casinò di Sanremo,48,,,
471,NF,Nomadi - Mal,Non dimenticarti di me,1971,Mogol e M. Lavezzi,,Non Finalista,Pooh,33,2000,Carlo Giuffré,Casinò di Sanremo,48,,,
472,NF,Pio - Mau Cristiani,Occhi bianchi e neri,1971,"E. Sciorilli, A. Testa e M. Del Prete",,Non Finalista,Pio Trebbi,0,2014,Carlo Giuffré,Casinò di Sanremo,48,,,
473,NF,Piero Focaccia - Mungo Jerry,Santo Antonio Santo Francisco,1971,V. Pallavicini e P. Conte,,Non Finalista,Piero Focaccia,0,1997,Carlo Giuffré,Casinò di Sanremo,48,,,
474,1º,Nicola Di Bari,I giorni dell'arcobaleno,1972,"M. Scommegna, D. Masini, P. Pintucci",1,Vincitore,,,,Mike Bongiorno,Casinò di Sanremo,28,,,
475,2º,Peppino Gagliardi,Come le viole,1972,P. Gagliardi e G. Amendola,2,Finalista,Peppino Gagliardi,44,1995,Mike Bongiorno,Casinò di Sanremo,28,,,
476,3º,Nada,Il re di denari,1972,C. Mattone e F. Migliacci,3,Finalista,Nada,32,2001,Mike Bongiorno,Casinò di Sanremo,28,,,
477,4º,Gianni Morandi,Vado a lavorare,1972,"F. Migliacci, Petaluma, M. Marrocchi e V. Tariciotti",4,Finalista,Gianni Morandi,11,1994,Mike Bongiorno,Casinò di Sanremo,28,,,
478,5º,Gianni Nazzaro,Non voglio innamorarmi mai,1972,M. Signorini e G. Bigazzi,5,Finalista,Claudio Baglioni,36,1989,Mike Bongiorno,Casinò di Sanremo,28,,,
479,6º,Delirium,Jesahel,1972,O. Prudente e I. Fossati,6,Finalista,Delirium,38,1971,Mike Bongiorno,Casinò di Sanremo,28,,,
480,7º,Marcella Bella,Montagne verdi,1972,G. Bigazzi e G. Bella,7,Finalista,Marcella Bella,43,1972,Mike Bongiorno,Casinò di Sanremo,28,,,
481,8º,Lucio Dalla,Piazza Grande,1972,"L. Dalla, R. Cellamare, G. Baldazzi e S. Bardotti",8,Finalista,Lucio Dalla,45,2006,Mike Bongiorno,Casinò di Sanremo,28,,,
482,9º,Gigliola Cinquetti,Gira l'amore (Caro bebè),1972,M. Panzeri e D. Pace,9,Finalista,Gigliola Cinquetti,16,2009,Mike Bongiorno,Casinò di Sanremo,28,,,
483,10º,Donatello,Ti voglio,1972,R. Sanna e D.L. Pieretti,10,Finalista,Luchè,51,2012,Mike Bongiorno,Casinò di Sanremo,28,,,
484,11º,Ricchi e Poveri,Un diadema di ciliegie,1972,R. Bertola,11,Finalista,Ricchi E Poveri,10,2016,Mike Bongiorno,Casinò di Sanremo,28,,,
485,12º,Milva,Mediterraneo,1972,L. Albertelli e E. Riccardi,12,Finalista,Mango,50,1992,Mike Bongiorno,Casinò di Sanremo,28,,,
486,13º,Lara Saint Paul,Se non fosse fra queste mie braccia lo inventerei,1972,E. Suligoj e L. Beretta,13,Finalista,Max Pezzali,45,2020,Mike Bongiorno,Casinò di Sanremo,28,,,
487,14º,Domenico Modugno,Un calcio alla città,1972,"D. Modugno, M. Castellacci e R. Pazzaglia",14,Finalista,Domenico Modugno,19,2013,Mike Bongiorno,Casinò di Sanremo,28,,,
488,NF,Rita Pavone,Amici mai,1972,Caviri e M. Cantini,,Non Finalista,Antonello Venditti,53,2009,Mike Bongiorno,Casinò di Sanremo,28,,,
489,NF,Pino Donaggio,Ci sono giorni,1972,V. Pallavicini e P. Donaggio,,Non Finalista,4Tu,17,2019,Mike Bongiorno,Casinò di Sanremo,28,,,
490,NF,Aguaviva,Ciao amico ciao,1972,M. Remigi e C. Minellono,,Non Finalista,Franco Andolfo,22,2000,Mike Bongiorno,Casinò di Sanremo,28,,,
491,NF,Anna Identici,Era bello il mio ragazzo,1972,G. Guarnieri e P. P. Preti,,Non Finalista,Anna Identici,7,1972,Mike Bongiorno,Casinò di Sanremo,28,,,
492,NF,Michele,Forestiero,1972,"S. Scandolara, S. Bardotti, C. Castellari e C. Castellari",,Non Finalista,ISoci,1,2023,Mike Bongiorno,Casinò di Sanremo,28,,,
493,NF,Carla Bissi,Il mio cuore se ne va,1972,M. Remigi e Spiker,,Non Finalista,Carla Bissi,2,1973,Mike Bongiorno,Casinò di Sanremo,28,,,
494,NF,Fausto Leali,L'uomo e il cane,1972,F. Leali e M. Cantù,,Non Finalista,Dolores Olioso,1,2016,Mike Bongiorno,Casinò di Sanremo,28,,,
495,NF,Marisa Sacchetto,La foresta selvaggia,1972,P. Limiti e C. Cavallaro,,Non Finalista,Meditazione zen musica,0,2017,Mike Bongiorno,Casinò di Sanremo,28,,,
496,NF,Delia,Per amore ricomincerei,1972,"M. Terzi, A. Salerno e C. Dammicco",,Non Finalista,Roberto Vecchioni,35,1991,Mike Bongiorno,Casinò di Sanremo,28,,,
497,NF,Angelica,Portami via,1972,M. Mellier e L. Medini,,Non Finalista,Fabrizio Moro,56,2017,Mike Bongiorno,Casinò di Sanremo,28,,,
498,NF,Tony Cucchiara,Preghiera,1972,T. Cucchiara,,Non Finalista,Fabrizio De André,45,1967,Mike Bongiorno,Casinò di Sanremo,28,,,
499,NF,Bobby Solo,Rimpianto,1972,E. Riccardi e L. Albertelli,,Non Finalista,Aleam,26,2023,Mike Bongiorno,Casinò di Sanremo,28,,,
500,NF,Roberto Carlos,Un gatto nel blu,1972,"G. Savio, G. Bigazzi",,Non Finalista,Roberto Carlos,28,1976,Mike Bongiorno,Casinò di Sanremo,28,,,
501,NF,I Nuovi Angeli,Un viaggio in Inghilterra,1972,"R. Sanna, D.L. Pieretti",,Non Finalista,Strana Officina,4,2017,Mike Bongiorno,Casinò di Sanremo,28,,,
502,1º,Peppino Di Capri,Un grande amore e niente più,1973,"F. Califano, G. Wright, G. Faiella, C. Mattone",1,Vincitore,,,,Mike Bongiorno,Casinò di Sanremo,30,,,
503,2º,Peppino Gagliardi,Come un ragazzino,1973,"G. Amendola, P. Gagliardi",2,Finalista,Peppino Gagliardi,36,2015,Mike Bongiorno,Casinò di Sanremo,30,,,
504,3º,Milva,Da troppo tempo,1973,"L. Albertelli, G. Colonnello",3,Finalista,Tarlan Gazenferoğlu,32,2013,Mike Bongiorno,Casinò di Sanremo,30,,,
505,4º,Ricchi e Poveri,Dolce frutto,1973,C. Minellono e U. Balsamo,4,Finalista,Ricchi E Poveri,26,2021,Mike Bongiorno,Casinò di Sanremo,30,,,
506,5º,Gilda Giuliani,Serena,1973,V. Pallavicini e G. Mescoli,5,Finalista,Serena Brancale,24,2022,Mike Bongiorno,Casinò di Sanremo,30,,,
507,6º,Wess e Dori Ghezzi,Tu nella mia vita,1973,"Lubiak, F. Monti Arduini",6,Finalista,Dori Ghezzi,28,2000,Mike Bongiorno,Casinò di Sanremo,30,,,
508,7º,Roberto Vecchioni,L'uomo che si gioca il cielo a dadi,1973,R. Vecchioni,7,Finalista,Roberto Vecchioni,25,1973,Mike Bongiorno,Casinò di Sanremo,30,,,
509,8º,Fausto Leali,La bandiera di sole,1973,V. Pallavicini e F. Leali,8,Finalista,Fausto Leali,0,1973,Mike Bongiorno,Casinò di Sanremo,30,,,
510,9º,Umberto Balsamo,Amore mio,1973,"C. Minellono, U. Balsamo",9,Finalista,Salvo Nicolosi,40,2009,Mike Bongiorno,Casinò di Sanremo,30,,,
511,10º,Anna Identici,Mi son chiesta tante volte,1973,P. P. Preti e G. Guarneri,10,Finalista,Gougoush,1,1973,Mike Bongiorno,Casinò di Sanremo,30,,,
512,11º,Camaleonti,Come sei bella,1973,G. Bigazzi e C. Cavallaro,11,Finalista,Massimo Di Cataldo,33,2001,Mike Bongiorno,Casinò di Sanremo,30,,,
513,12º,Donatello,Tu giovane amore mio,1973,"G. Pieretti, F. Monachesi, R. Gianco e A. Nicorelli",12,Finalista,Donatello,1,2002,Mike Bongiorno,Casinò di Sanremo,30,,,
514,13º,Memo Remigi,Il mondo è qui,1973,M. Remigi,13,Finalista,Ensi,27,2017,Mike Bongiorno,Casinò di Sanremo,30,,,
515,14º,Alessandro,Tre minuti di ricordi,1973,M. Del Prete e A. Pintus,14,Finalista,Matteo Venturi,5,2016,Mike Bongiorno,Casinò di Sanremo,30,,,
516,15º,Lionello,Straniera straniera,1973,F. Specchia e F. Chiaravalle,15,Finalista,Luciano Tajoli,23,2007,Mike Bongiorno,Casinò di Sanremo,30,,,
517,16º,Lara Saint Paul,Una casa grande,1973,"A. Lo Vecchio, N. Aprile e N. Villa",16,Finalista,Charles Ans,37,2021,Mike Bongiorno,Casinò di Sanremo,30,,,
518,NF,Mocedades,Addio amor,1973,"M. Gallerani, G. Bosisio e M. Nobile",,Non Finalista,Viola Valentino,1,2017,Mike Bongiorno,Casinò di Sanremo,30,,,
519,NF,Pop Tops,Angeline,1973,R. Nisi Marsella e C. Daiano,,Non Finalista,Chase Atlantic,56,2017,Mike Bongiorno,Casinò di Sanremo,30,,,
520,NF,Jet,Anika na-o,1973,F. Piccarreda e P. Cochis e P. Cassano,,Non Finalista,Kronan,24,2022,Mike Bongiorno,Casinò di Sanremo,30,,,
521,NF,Bassano,Cara amica,1973,F. Specchia P. Prencipe e V. Caruso,,Non Finalista,270bis,20,2020,Mike Bongiorno,Casinò di Sanremo,30,,,
522,NF,Carmen Amato,Dove andrai,1973,D. Mariano,,Non Finalista,Andrea Bonifazi,27,2019,Mike Bongiorno,Casinò di Sanremo,30,,,
523,NF,Sergio Endrigo,Elisa Elisa,1973,S. Bardotti e S. Endrigo,,Non Finalista,Ermal Meta,57,2017,Mike Bongiorno,Casinò di Sanremo,30,,,
524,NF,Lolita,Innamorata io?,1973,A. Celentano e F. Chiaravalle,,Non Finalista,Papik,29,2015,Mike Bongiorno,Casinò di Sanremo,30,,,
525,NF,Gigliola Cinquetti,Mistero,1973,C. Mattone,,Non Finalista,Enrico Ruggeri,40,1993,Mike Bongiorno,Casinò di Sanremo,30,,,
526,NF,Christian De Sica,Mondo mio,1973,P. Conte e G. Conte,,Non Finalista,Leila,0,2016,Mike Bongiorno,Casinò di Sanremo,30,,,
527,NF,Alberto Feri,Ogni volta che mi pare,1973,F. Evangelisti e P. Pintucci,,Non Finalista,Mietta,4,2011,Mike Bongiorno,Casinò di Sanremo,30,,,
528,NF,Junior Magli,Povero,1973,L. Medini e M. Mellier,,Non Finalista,Marnage,28,2022,Mike Bongiorno,Casinò di Sanremo,30,,,
529,NF,Le Figlie del Vento,Sugli sugli bane bane,1973,"F. Chiaravalle, P. Tomelleri e A. M. Piccioli",,Non Finalista,Le Figlie del Vento,19,2012,Mike Bongiorno,Casinò di Sanremo,30,,,
530,NF,Drupi,Vado via,1973,E. Riccardi e L. Albertelli,,Non Finalista,Drupi,40,2000,Mike Bongiorno,Casinò di Sanremo,30,,,
531,NF,Toni Santagata,Via Garibaldi,1973,T. Santagata,,Non Finalista,Steve Hem,5,2021,Mike Bongiorno,Casinò di Sanremo,30,,,
532,1º,Iva Zanicchi,Ciao cara come stai?,1974,"C. Malgioglio, C. Daiano, Dinaro e I. Ianne",1,Vincitore,,,,Corrado (conduttore televisivo),Casinò di Sanremo,28,,,
533,2º,Domenico Modugno,Questa è la mia vita,1974,"L. Beretta, D. Modugno e E. Suligoj",2,Finalista,Ligabue,56,2002,Corrado (conduttore televisivo),Casinò di Sanremo,28,,,
534,3º,Orietta Berti,Occhi rossi,1974,"D. Pace, C. Conti, L. Pilat e M. Panzeri",3,Finalista,Coez,63,2022,Corrado (conduttore televisivo),Casinò di Sanremo,28,,,
535,F,Anna Melato,Sta piovendo dolcemente,1974,M. Piccoli e P. Donaggio,,Finalista,Maria Del Carmen,0,2013,Corrado (conduttore televisivo),Casinò di Sanremo,28,,,
536,F,Emanuela Cortesi,Il mio volo bianco,1974,"C. Daiano, F. Zanon e I. Ianne",,Finalista,Carlos Gomes,0,2005,Corrado (conduttore televisivo),Casinò di Sanremo,28,,,
537,F,Gilda Giuliani,Senza titolo,1974,"V. Pallavicini, A. Ferrari e G. Mescoli",,Finalista,Lucio Corsi,21,2020,Corrado (conduttore televisivo),Casinò di Sanremo,28,,,
538,F,I Domodossola,Se hai paura,1974,"R. Soffici, M. Guantini e L. Albertelli",,Finalista,Afterhours,16,1997,Corrado (conduttore televisivo),Casinò di Sanremo,28,,,
539,F,Les Charlots,Mon ami Tango,1974,"D. Pace, C. Conti, L. Pilat e M. Panzeri",,Finalista,L'Armenonville,1,2019,Corrado (conduttore televisivo),Casinò di Sanremo,28,,,
540,F,Valentina Greco,Notte dell'estate,1974,"A. Mammoliti, A. Buonocore e C. Celli",,Finalista,Franco Califano,17,2015,Corrado (conduttore televisivo),Casinò di Sanremo,28,,,
541,F,Nicola Di Bari,Il matto del villaggio,1974,"F. Migliacci, C. Mattone e P. Pintucci",,Finalista,Egreen,11,2022,Corrado (conduttore televisivo),Casinò di Sanremo,28,,,
542,F,Mouth & MacNeal,Ah! L'amore,1974,"E. Lombardo, C. Sebastianelli e E. Capelli",,Finalista,Alessandro Safina,43,2014,Corrado (conduttore televisivo),Casinò di Sanremo,28,,,
543,F,Gianni Nazzaro,A modo mio,1974,C. Baglioni e A. Coggio,,Finalista,Patty Pravo,6,2018,Corrado (conduttore televisivo),Casinò di Sanremo,28,,,
544,F,Al Bano,In controluce,1974,A. Carrisi e P. Limiti,,Finalista,Gianni Marchetti,31,1969,Corrado (conduttore televisivo),Casinò di Sanremo,28,,,
545,F,Mino Reitano,Innamorati,1974,"L. Beretta, F. Reitano e M. Reitano",,Finalista,Toto Cutugno,50,1980,Corrado (conduttore televisivo),Casinò di Sanremo,28,,,
546,F,Rosanna Fratello,Un po' di coraggio,1974,G. Pieretti e A. R. Mancino,,Finalista,Andrea Petrucci,5,2020,Corrado (conduttore televisivo),Casinò di Sanremo,28,,,
547,F,Little Tony,Cavalli bianchi,1974,"Miro, Giulifan e B. Casu",,Finalista,Little Tony,6,1990,Corrado (conduttore televisivo),Casinò di Sanremo,28,,,
548,F,Milva,Monica delle bambole,1974,L. Beretta e E. Suligoj,,Finalista,Milva,2,2016,Corrado (conduttore televisivo),Casinò di Sanremo,28,,,
549,F,Middle of the Road,Sole giallo,1974,M. Piccoli e P. Donaggio,,Finalista,Maravilia,24,2023,Corrado (conduttore televisivo),Casinò di Sanremo,28,,,
550,NF,Kambiz,Canta con me,1974,E. Riccardi e L. Albertelli,,Non Finalista,Lucio Ferri,30,2023,Corrado (conduttore televisivo),Casinò di Sanremo,28,,,
551,NF,Donatella Rettore,Capelli sciolti,1974,D. Rettore e M. Pagano,,Non Finalista,Banco Del Mutuo Soccorso,2,2014,Corrado (conduttore televisivo),Casinò di Sanremo,28,,,
552,NF,Riccardo Fogli,Complici,1974,L. Lopez e C. Vistarini,,Non Finalista,Enrico Nigiotti,48,2018,Corrado (conduttore televisivo),Casinò di Sanremo,28,,,
553,NF,Franco Simone,Fiume grande,1974,F. Simone,,Non Finalista,Franco Simone,33,1974,Corrado (conduttore televisivo),Casinò di Sanremo,28,,,
554,NF,Orchestra Spettacolo Casadei,La canta,1974,"R. Casadei, E. Muccioli e A. Pedulli",,Non Finalista,Orchestra Romagnola Oscar Valente,1,1998,Corrado (conduttore televisivo),Casinò di Sanremo,28,,,
555,NF,Paola Musiani,La donna quando pensa,1974,M. Galati e E. Capelli,,Non Finalista,Francesco De Gregori,60,1983,Corrado (conduttore televisivo),Casinò di Sanremo,28,,,
556,NF,Antonella Bottazzi,Per una donna donna,1974,A. Bottazzi,,Non Finalista,Lucio Battisti,53,1978,Corrado (conduttore televisivo),Casinò di Sanremo,28,,,
557,NF,Rossella,Qui,1974,"P. A. Cassella, R. Cocciante e M. Luberti",,Non Finalista,Niro,62,2023,Corrado (conduttore televisivo),Casinò di Sanremo,28,,,
558,NF,Sonia Gigliola Conti,Ricomincerei,1974,P. Soffici e G. Pieretti,,Non Finalista,Gianni Fiorellino,22,2003,Corrado (conduttore televisivo),Casinò di Sanremo,28,,,
559,NF,Piero Focaccia,Valentin tango,1974,L. Beretta e E. Capotosti,,Non Finalista,The Twins,36,2008,Corrado (conduttore televisivo),Casinò di Sanremo,28,,,
560,1,Gilda,Ragazza del sud,1975,R. Scalabrino,1,Vincitore,,,,Mike Bongiorno,Casinò di Sanremo,30,,,
561,2,Angela Luce,Ipocrisia,1975,P. Giordano e E. Alfieri,2,Finalista,Emanuele Aloia,34,2021,Mike Bongiorno,Casinò di Sanremo,30,,,
562,2,Rosanna Fratello,Va' speranza va',1975,G. Taddei e F. Graniero,2,Finalista,Vanilla,22,2023,Mike Bongiorno,Casinò di Sanremo,30,,,
563,4,Valentina Greco,Un grande addio,1975,"G. Puzzo, B. Moglia, P. Limiti, E. Capotosti e M. C. Lacamera",4,Finalista,Cottrau,3,2015,Mike Bongiorno,Casinò di Sanremo,30,,,
564,5,Laura,E poi e poi,1975,N. La Mantia,5,Finalista,Annalisa,70,2023,Mike Bongiorno,Casinò di Sanremo,30,,,
565,6,Franco e le Piccole Donne,Come Humphrey Bogart,1975,L. Raggi e B. Pallini,6,Finalista,Zinnigas,2,2022,Mike Bongiorno,Casinò di Sanremo,30,,,
566,F,Le Nuove Erbe,Topolino piccolo,1975,F. Specchia e P. Prencipe,,Finalista,Piccolo Coro dell'Antoniano,29,2017,Mike Bongiorno,Casinò di Sanremo,30,,,
567,F,Nico dei Gabbiani,Io credo (Ci son cose più grandi di te),1975,Cadam e F. Turnaturi,,Finalista,Giorgio Vanni,44,2014,Mike Bongiorno,Casinò di Sanremo,30,,,
568,F,Eugenio Alberti,Decidi tu per me,1975,"P. Montanaro, E. Ronda, A. Gallo e M. Mellier",,Finalista,4Tu,3,2021,Mike Bongiorno,Casinò di Sanremo,30,,,
569,F,Gianni Migliardi,Sei stata tu,1975,"S. Piccioli, A. Valleroni e F. Tessandori",,Finalista,Luciano Tajoli,20,2014,Mike Bongiorno,Casinò di Sanremo,30,,,
570,F,Piero Cotto,Il telegramma,1975,V. Pallavicini e G. Donaggio,,Finalista,Sandro de Simone,1,2009,Mike Bongiorno,Casinò di Sanremo,30,,,
571,F,Stefania,L'incertezza di una vita,1975,"F. Specchia, P. Prencipe e S. Sciannamea",,Finalista,Mavi,22,2021,Mike Bongiorno,Casinò di Sanremo,30,,,
572,NF,Emy Cesaroni,1975… amore mio,1975,F. Specchia e P. Prencipe,,Non Finalista,Fred Bongusto,1,2015,Mike Bongiorno,Casinò di Sanremo,30,,,
573,NF,Gabriella Sanna,Adesso basti tu,1975,G. Meccia e B. Zambrini,,Non Finalista,Riccardo Zandonai,0,2014,Mike Bongiorno,Casinò di Sanremo,30,,,
574,NF,Daniela,Dolce abitudine,1975,"P. Montanaro, E. Ronda, G. Rigo e A. Mammoliti",,Non Finalista,Piero Montanaro,0,2023,Mike Bongiorno,Casinò di Sanremo,30,,,
575,NF,Eva 2000,In amore non si può mentire,1975,L. Capello e M. Cenci,,Non Finalista,Emma,56,2013,Mike Bongiorno,Casinò di Sanremo,30,,,
576,NF,Jean-François Michael,Innamorarsi,1975,"D. Sarti, A. De Lorenzo, A. Olivares e B. Stecca",,Non Finalista,Mauro Nardi,37,2011,Mike Bongiorno,Casinò di Sanremo,30,,,
577,NF,Annagloria,La paura di morire,1975,"G. Calabrese, E. Ballotta e P. Calvi",,Non Finalista,Società Anonima Decostruzionismi Organici,0,2023,Mike Bongiorno,Casinò di Sanremo,30,,,
578,NF,Antonella Bellan,Lettera,1975,"R. Scala, L. Medini, P. B. Greco e M. Mellier",,Non Finalista,Massimo Ranieri,35,2022,Mike Bongiorno,Casinò di Sanremo,30,,,
579,NF,Lorenzo Pilat,Madonna d'amore,1975,L. Pilat,,Non Finalista,Il Solito Dandy,19,2022,Mike Bongiorno,Casinò di Sanremo,30,,,
580,NF,G.Men,Oggi,1975,T. Cavalli,,Non Finalista,Alex Britti,59,1998,Mike Bongiorno,Casinò di Sanremo,30,,,
581,NF,Kriss and Saratoga,Piccola bambina cara,1975,"F. Specchia, P. Prencipe e S. Sciannamea",,Non Finalista,Ermal Meta,57,2017,Mike Bongiorno,Casinò di Sanremo,30,,,
582,NF,La Quinta Faccia,Quattro stagioni,1975,I. Pelosi e V. Caruso,,Non Finalista,Antonio Vivaldi,44,2024,Mike Bongiorno,Casinò di Sanremo,30,,,
583,NF,Paola Folzini,Il ragioniere,1975,"C. Celli, A. Buonocore e A. Mammoliti",,Non Finalista,A. Virgilio Savona,1,1972,Mike Bongiorno,Casinò di Sanremo,30,,,
584,NF,Goffredo Canarini,Scarafaggi,1975,G. Canarini,,Non Finalista,Guè,53,2017,Mike Bongiorno,Casinò di Sanremo,30,,,
585,NF,Paola Musiani,Se nasco un'altra volta,1975,A. Testa e P. Donaggio,,Non Finalista,Pooh,17,1985,Mike Bongiorno,Casinò di Sanremo,30,,,
586,NF,Le Volpi Blu,Senza impegno,1975,"M. Motta, S. Bordoni, F. Delfino e G. Damele",,Non Finalista,Bandabardò,13,2014,Mike Bongiorno,Casinò di Sanremo,30,,,
587,NF,Leila Selli,Sola in due,1975,"M. Francesio, G. Canarini e N. Roccabruna",,Non Finalista,YOUNGGUCCI,21,2020,Mike Bongiorno,Casinò di Sanremo,30,,,
588,NF,Nannarella,Sotto le stelle,1975,R. Balzani,,Non Finalista,Noisys,44,2019,Mike Bongiorno,Casinò di Sanremo,30,,,
589,NF,Ely Neri e la sua orchestra,Tango di casa mia,1975,E. Neri,,Non Finalista,Secondo Casadei,10,2006,Mike Bongiorno,Casinò di Sanremo,30,,,
590,1º,Peppino Di Capri,Non lo faccio più,1976,"Depsa, S. Iodice e F. Berlincioni",1,Vincitore,,,,Giancarlo Guardabassi,Casinò di Sanremo,30,,,
591,2º,Wess e Dori Ghezzi,"Come stai, con chi sei",1976,"C. Minellono, F. Piccarreda e U. Balsamo",2,Finalista,Dori Ghezzi,16,2000,Giancarlo Guardabassi,Casinò di Sanremo,30,,,
592,3º (ex aequo),Sandro Giacobbe,Gli occhi di tua madre,1976,"S. Giacobbe, D. Pace e O. Avogadro",3,Finalista,Sandro Giacobbe,35,1998,Giancarlo Guardabassi,Casinò di Sanremo,30,,,
593,3º (ex aequo),Albatros,Volo AZ 504,1976,V. Pallavicini e T. Cutugno,3,Finalista,Albatros,21,1976,Giancarlo Guardabassi,Casinò di Sanremo,30,,,
594,5º,Paolo Frescura,Due anelli,1976,A. De Sanctis e P. Frescura,5,Finalista,Matteo Branciamore,27,2012,Giancarlo Guardabassi,Casinò di Sanremo,30,,,
595,6º,Drupi,Sambariò,1976,L. Albertelli e E. Riccardi,6,Finalista,Drupi,20,2019,Giancarlo Guardabassi,Casinò di Sanremo,30,,,
596,7º,Carlo Gigli,Più forte,1976,Schiava e C. Gigli,7,Finalista,Pisciosangue,5,2020,Giancarlo Guardabassi,Casinò di Sanremo,30,,,
597,8º,Daniel Sentacruz Ensemble,Linda bella Linda,1976,"C. Dammicco, Querencio, Sentacruz e F. Specchia",8,Finalista,Daniel Sentacruz Ensemble,27,2007,Giancarlo Guardabassi,Casinò di Sanremo,30,,,
598,9º,Gli Opera,L'ho persa ancora,1976,"F. Ricciardi, O. Avogadro e D. Pace",9,Finalista,Mezzosangue,43,2022,Giancarlo Guardabassi,Casinò di Sanremo,30,,,
599,10º,Camaleonti,Cuore di vetro,1976,G. Bigazzi e T. Savio,10,Finalista,Matthew TT,37,2023,Giancarlo Guardabassi,Casinò di Sanremo,30,,,
600,11º,Orietta Berti,Omar,1976,M. Battaini e L. Beretta,11,Finalista,Omar,17,1998,Giancarlo Guardabassi,Casinò di Sanremo,30,,,
601,12º,La Strana Società,Andiamo via,1976,"C. Conti, F. Cassano e L. Albertelli",12,Finalista,Samuel Malvaso,29,2022,Giancarlo Guardabassi,Casinò di Sanremo,30,,,
602,13º,Ricchi e Poveri con I Nostri Figli,Due storie dei musicanti,1976,L. Bacalov e S. Bardotti,13,Finalista,Coccole Sonore,20,2013,Giancarlo Guardabassi,Casinò di Sanremo,30,,,
603,14º,Patrizio Sandrelli,Piccola donna addio,1976,V. Stavolo e F. Zulian,14,Finalista,Ermal Meta,57,2017,Giancarlo Guardabassi,Casinò di Sanremo,30,,,
604,15º (ex aequo),Sergio Endrigo,Quando c'era il mare,1976,S. Endrigo,15,Finalista,Sergio Endrigo,0,2012,Giancarlo Guardabassi,Casinò di Sanremo,30,,,
605,15º (ex aequo),Miko,Signora tu,1976,G. Pegoraro e P. M. Bozzetti,15,Finalista,Loredana Bertè,46,2006,Giancarlo Guardabassi,Casinò di Sanremo,30,,,
606,17º,Profeti,Cercati un'anima,1976,"D. Ciletti, C. Cavallaro, D. Pace e O. Avogadro",17,Finalista,Renato Zero,57,2010,Giancarlo Guardabassi,Casinò di Sanremo,30,,,
607,18º,La Nuova Gente,Che sarei,1976,P. Landro e E. Cardullo,18,Finalista,Vincenzo Scarpulla,19,2023,Giancarlo Guardabassi,Casinò di Sanremo,30,,,
608,NF,Santino Rocchetti,E tu mi manchi,1976,S. Luca e A. Lo Vecchio,,Non Finalista,Gigi Finizio,41,2009,Giancarlo Guardabassi,Casinò di Sanremo,30,,,
609,NF,Rosanna Fratello,Il mio primo rossetto,1976,U. Napolitano e A. Salerno,,Non Finalista,Random,58,2020,Giancarlo Guardabassi,Casinò di Sanremo,30,,,
610,NF,Gloriana,La canzone dei poveri,1976,A. Gallo e Mallozzi,,Non Finalista,Gloriana,0,2015,Giancarlo Guardabassi,Casinò di Sanremo,30,,,
611,NF,Antonio Buonomo,La femminista,1976,L. Chiosso e E. Alfieri,,Non Finalista,Menestrella femminista,3,2012,Giancarlo Guardabassi,Casinò di Sanremo,30,,,
612,NF,Leano Morelli,Nata libera,1976,E. Crippa e L. Morelli,,Non Finalista,Leano Morelli,26,1977,Giancarlo Guardabassi,Casinò di Sanremo,30,,,
613,NF,Romina Power,Non due,1976,R. Power e A. Carrisi,,Non Finalista,Nayt,47,2015,Giancarlo Guardabassi,Casinò di Sanremo,30,,,
614,NF,Maggie Mae,Sing My Song,1976,C. De Natale e Darini,,Non Finalista,Mikael nilsson,28,2023,Giancarlo Guardabassi,Casinò di Sanremo,30,,,
615,NF,Armonium,Stella cadente,1976,V. Stavolo e F. Zulian,,Non Finalista,Modà,46,2015,Giancarlo Guardabassi,Casinò di Sanremo,30,,,
616,NF,Vanna Leali,Torno a casa,1976,E. Suligoj e P. Limiti,,Non Finalista,Rose Villain,69,2023,Giancarlo Guardabassi,Casinò di Sanremo,30,,,
617,NF,Umberto Lupi,Una casa senza nome,1976,"L. Pilat, M. Panzeri e D. Pace",,Non Finalista,Neima Ezza,59,2021,Giancarlo Guardabassi,Casinò di Sanremo,30,,,
618,NF,Ezio Maria Picciotta,Uomo qualunque,1976,"E. M. Picciotta, F. Migliacci e D. Farina",,Non Finalista,Uscita Nord,7,2020,Giancarlo Guardabassi,Casinò di Sanremo,30,,,
619,NF,Silvano Vittorio,Vieni,1976,A. Lo Vecchio e S. Vittorio,,Non Finalista,Caparezza,57,2008,Giancarlo Guardabassi,Casinò di Sanremo,30,,,
620,1º,Homo Sapiens,Bella da morire,1977,R. Pareti e A. Salerno,1,Vincitore,,,,Maria Giovanna Elmi,Teatro Ariston,12,,,
621,2º,Collage,Tu mi rubi l'anima,1977,G. Padovan e A. De Sanctis,2,Finalista,I Collage,40,1996,Maria Giovanna Elmi,Teatro Ariston,12,,,
622,3º,I Santo California,Monica,1977,"P. Pinna, G. Simonelli e E. Palumbo",3,Finalista,Kuami Eugene,60,2023,Maria Giovanna Elmi,Teatro Ariston,12,,,
623,F,Umberto Napolitano,Con te ci sto,1977,U. Napolitano,,Finalista,Marta Mandelli,18,2021,Maria Giovanna Elmi,Teatro Ariston,12,,,
624,F,Santino Rocchetti,Dedicato a te,1977,S. Rocchetti e A. Lo Vecchio,,Finalista,Irama,46,2020,Maria Giovanna Elmi,Teatro Ariston,12,,,
625,F,Daniela Davoli,E invece con te,1977,D. Davoli e M. Zarrillo,,Finalista,Piero Soffici,0,2021,Maria Giovanna Elmi,Teatro Ariston,12,,,
626,F,Albatros,Gran Premio,1977,"M. Vasseur, V. Pallavicini e T. Cutugno",,Finalista,En Espíritu Y En Verdad,26,2012,Maria Giovanna Elmi,Teatro Ariston,12,,,
627,F,Leano Morelli,Io ti porterei,1977,L. Morelli,,Finalista,Leano Morelli,7,1977,Maria Giovanna Elmi,Teatro Ariston,12,,,
628,F,Matia Bazar,Ma perché,1977,"C. Marrale, P. Cassano e A. Stellita",,Finalista,Geolier,62,2022,Maria Giovanna Elmi,Teatro Ariston,12,,,
629,F,Il Giardino dei Semplici,Miele,1977,G. Bigazzi e T. Savio,,Finalista,Gigi D'Alessio,49,2002,Maria Giovanna Elmi,Teatro Ariston,12,,,
630,F,Donatella Rettore,Carmela,1977,D. Rettore e C. Rego,,Finalista,Renato Carosone,4,2022,Maria Giovanna Elmi,Teatro Ariston,12,,,
631,F,La Strana Società,Tesoro mio,1977,"L. Albertelli, C. Conti e F. Cassano",,Finalista,Nanà,5,2022,Maria Giovanna Elmi,Teatro Ariston,12,,,
632,1º,Matia Bazar,...e dirsi ciao,1978,"G. Golzi, A. Stellita, P. Cassano, C. Marrale e A. Ruggiero",1,Vincitore,,,,Maria Giovanna Elmi,Teatro Ariston,14,,,
633,2º,Anna Oxa,Un'emozione da poco,1978,I. Fossati e G. Guglielminetti,2,Finalista,Anna Oxa,50,1978,Maria Giovanna Elmi,Teatro Ariston,14,,,
634,3º,Rino Gaetano,Gianna,1978,R. Gaetano,3,Finalista,Rino Gaetano,62,1978,Maria Giovanna Elmi,Teatro Ariston,14,,,
635,4º,Ciro Sebastianelli,Il buio e tu,1978,"C. Sebastianelli, D. Pace e O. Avogadro",4,Finalista,Eros Ramazzotti,36,2003,Maria Giovanna Elmi,Teatro Ariston,14,,,
636,5º,Anselmo Genovese,Tu sola,1978,A. Genovese e L. Capello,5,Finalista,Radicanto,1,2022,Maria Giovanna Elmi,Teatro Ariston,14,,,
637,6º,Santino Rocchetti,Armonia e poesia,1978,S. Rocchetti e A. Lo Vecchio,6,Finalista,Santino Rocchetti,4,1996,Maria Giovanna Elmi,Teatro Ariston,14,,,
638,7º,Schola Cantorum,Il mio amore,1978,M. Luberti e E. Fusco,7,Finalista,Gianna Spagnulo,26,2001,Maria Giovanna Elmi,Teatro Ariston,14,,,
639,8º,Laura Luca,Domani domani,1978,G. Pieretti e A. Nicorelli,8,Finalista,Laura Luca,28,1997,Maria Giovanna Elmi,Teatro Ariston,14,,,
640,9º,Daniel Sentacruz Ensemble,1/2 notte,1978,"Zacar, S. Grieco, C. Dammicco e Sentacruz",9,Finalista,Gino Balerino e la sua Orchestra,0,2021,Maria Giovanna Elmi,Teatro Ariston,14,,,
641,F,Donato Ciletti,Anna Anna,1978,"D. Pace, O. Avogadro, D. Ciletti e C. Cavallaro",,Finalista,La Quinta Faccia,1,1975,Maria Giovanna Elmi,Teatro Ariston,14,,,
642,F,Roberto Carrino,N 'addore 'e castagne,1978,R. Carrino e M. Coppola,,Finalista,Pinguini Tattici Nucleari,33,2015,Maria Giovanna Elmi,Teatro Ariston,14,,,
643,F,Dora Moroni,Ora,1978,"F. Marino, E. Intra, C. Rego e D. Rettore",,Finalista,Sfera Ebbasta,62,2023,Maria Giovanna Elmi,Teatro Ariston,14,,,
644,F,Marco Ferradini,Quando Teresa verrà,1978,S. Luca e M. Ferradini,,Finalista,Marco Ferradini,6,2006,Maria Giovanna Elmi,Teatro Ariston,14,,,
645,F,Beans,Soli,1978,A. Bella e G. Bella,,Finalista,Club Dogo,73,2024,Maria Giovanna Elmi,Teatro Ariston,14,,,
646,1º,Mino Vergnaghi,Amare,1979,P. Finà e S. Ortone,1,Vincitore,Ultimo,53,2023,Mike Bongiorno,Teatro Ariston,22,,,
647,2º,Enzo Carella,Barbara,1979,E. Carella e P. Panella,2,Finalista,The Beach Boys,63,1975,Mike Bongiorno,Teatro Ariston,22,,,
648,3º,I Camaleonti,Quell'attimo in più,1979,"M. Lavezzi, O. Avogadro e D. Pace",3,Finalista,I Camaleonti,7,2012,Mike Bongiorno,Teatro Ariston,22,,,
649,4º,Collage,La gente parla,1979,"A. De Sanctis, S. Di Nardo e M. Marrocchi",4,Finalista,Collage,26,2012,Mike Bongiorno,Teatro Ariston,22,,,
650,5º,Enrico Beruschi,Sarà un fiore,1979,"D. Pace, C. Conti e M. Panzeri",5,Finalista,Sara e Matteo,37,1990,Mike Bongiorno,Teatro Ariston,22,,,
651,6º,Franco Fanigliulo,A me mi piace vivere alla grande,1979,"O. Avogadro, R. Borghetti, F. Fanigliulo e D. Pace",6,Finalista,Giangilberto Monti,14,2009,Mike Bongiorno,Teatro Ariston,22,,,
652,7º,Lorella Pescerelli,New York,1979,F. Migliacci e F. Paulin,7,Finalista,JAY-Z,86,2009,Mike Bongiorno,Teatro Ariston,22,,,
653,8º,Kim & The Cadillacs,C'era un'atmosfera,1979,A. Stellita e P. Cassano,8,Finalista,Adriano Tolomeo,0,1992,Mike Bongiorno,Teatro Ariston,22,,,
654,9º,Umberto Napolitano,Bimba mia,1979,U. Napolitano,9,Finalista,Franco Califano,17,2008,Mike Bongiorno,Teatro Ariston,22,,,
655,10º,Pandemonium,Tu fai schifo sempre,1979,"A. Giordano, M. Paulicelli e G. Mauro",10,Finalista,I Pandemonium,23,1997,Mike Bongiorno,Teatro Ariston,22,,,
656,11º,Antoine,Nocciolino,1979,M. Piccoli,11,Finalista,I Sanremini,0,2014,Mike Bongiorno,Teatro Ariston,22,,,
657,12º,Grimm,Liana,1979,L. Lazzarini,12,Finalista,Jedi Dreams,29,2023,Mike Bongiorno,Teatro Ariston,22,,,
658,NF,Marinella,Autunno cadono le pagine gialle,1979,R. Ferri e G. Trombetti,,Non Finalista,Marco Testoni,35,2006,Mike Bongiorno,Teatro Ariston,22,,,
659,NF,Ayx,Ayx Disco,1979,R. Galardini,,Non Finalista,X DISCO,43,2024,Mike Bongiorno,Teatro Ariston,22,,,
660,NF,Ciro Sebastianelli,Ciao Barbarella,1979,"C. Sebastianelli, D. Pace e O. Avogadro",,Non Finalista,Ciro Sebastianelli,14,2000,Mike Bongiorno,Teatro Ariston,22,,,
661,NF,Nicoletta Bauce,Grande mago,1979,N. Bauce e R. Colombo,,Non Finalista,Grande Mahogany,29,2023,Mike Bongiorno,Teatro Ariston,22,,,
662,NF,Gli Opera,Il diario dei segreti,1979,C. Daiano e G. Adorno,,Non Finalista,Claudio Tatananni,19,2021,Mike Bongiorno,Teatro Ariston,22,,,
663,NF,Il Était une Fois,Impazzirò,1979,P. Civello e Basilivan,,Non Finalista,IMURI,0,2023,Mike Bongiorno,Teatro Ariston,22,,,
664,NF,Michele Vicino,In due,1979,G. Belfiore e M. Vicino,,Non Finalista,Sal Da Vinci,9,2019,Mike Bongiorno,Teatro Ariston,22,,,
665,NF,Roberta,"Il sole, la pioggia",1979,D. Pace e C. Conti,,Non Finalista,Canzoni per Bambini TaTaTa,0,2021,Mike Bongiorno,Teatro Ariston,22,,,
666,NF,Massimo Abbate,Napule cagnarrà,1979,W. Montanelli,,Non Finalista,Pino Daniele,58,2006,Mike Bongiorno,Teatro Ariston,22,,,
667,NF,Gianni Mocchetti,Talismano nero,1979,Manipoli e G. Mocchetti,,Non Finalista,Negramaro,57,2007,Mike Bongiorno,Teatro Ariston,22,,,
668,1º,Toto Cutugno,Solo noi,1980,S. Cutugno,1,Vincitore,,,,Roberto Benigni,Teatro Ariston,30,,,
669,2º,Enzo Malepasso,Ti voglio bene,1980,Depsa e E. Malepasso,2,Finalista,Cristina D'Avena,40,2019,Roberto Benigni,Teatro Ariston,30,,,
670,3º,Pupo,Su di noi,1980,"P. Barabani, D. Milani e E. Ghinazzi",3,Finalista,Pupo,59,2005,Roberto Benigni,Teatro Ariston,30,,,
671,F,Gianni Morandi,Mariù,1980,R. Cellamare e F. De Gregori,,Finalista,Roberto Vecchioni,7,1989,Roberto Benigni,Teatro Ariston,30,,,
672,F,La Bottega dell'Arte,Più di una canzone,1980,P. Calabrese e R. Musumarra,,Finalista,Ninnananne Per Bambini Granny Smit,33,2022,Roberto Benigni,Teatro Ariston,30,,,
673,F,Sally Oldfield,I Sing for You,1980,A. Salerno e M. Fabrizio,,Finalista,Karin Nobbs,31,2012,Roberto Benigni,Teatro Ariston,30,,,
674,F,Stefano Rosso,L'italiano,1980,S. Rosso,,Finalista,Toto Cutugno,71,1983,Roberto Benigni,Teatro Ariston,30,,,
675,F,Leroy Gomez,Tu mi manchi dentro,1980,C. Minellono e R. Brioschi,,Finalista,Gigi Finizio,46,2013,Roberto Benigni,Teatro Ariston,30,,,
676,F,Paolo Riviera,Cavallo bianco,1980,V. Magelli e R. Aglietti,,Finalista,Matia Bazar,37,1976,Roberto Benigni,Teatro Ariston,30,,,
677,F,Bobby Solo,Gelosia,1980,D. Ciotti e R. Satti,,Finalista,Gianni Celeste,40,1987,Roberto Benigni,Teatro Ariston,30,,,
678,F,Decibel,Contessa,1980,F. Muzio e E. Ruggeri,,Finalista,Modena City Ramblers,36,1994,Roberto Benigni,Teatro Ariston,30,,,
679,F,Francesco Magni,Voglio l'erba voglio,1980,F. Magni,,Finalista,Lazza,49,2020,Roberto Benigni,Teatro Ariston,30,,,
680,F,Aldo Donati,Canterò canterò canterò,1980,A. Donati,,Finalista,Pooh,32,2016,Roberto Benigni,Teatro Ariston,30,,,
681,F,Giorgio Zito e i Diesel,Ma vai vai,1980,G. Bennato,,Finalista,Liga Carnaval SP,28,2016,Roberto Benigni,Teatro Ariston,30,,,
682,F,Linda Lee,Va' pensiero,1980,P. Caruso,,Finalista,Luciano Pavarotti,48,1998,Roberto Benigni,Teatro Ariston,30,,,
683,F,Bruno D'Andrea,Mara,1980,L. Albertelli e B. Tavernese,,Finalista,Geolier,54,2023,Roberto Benigni,Teatro Ariston,30,,,
684,F,Leano Morelli,Musica regina,1980,L. Morelli,,Finalista,Pop X,23,2018,Roberto Benigni,Teatro Ariston,30,,,
685,F,Orlando Johnson,Il sole canta,1980,G. Ullu,,Finalista,Rossana Casale,29,2022,Roberto Benigni,Teatro Ariston,30,,,
686,F,Alberto Cheli,Passerà,1980,A. Coggio e M. Luberti,,Finalista,Nayt,48,2021,Roberto Benigni,Teatro Ariston,30,,,
687,F,Peppino di Capri,Tu cioè...,1980,Depsa e G. Faiella,,Finalista,Coez,71,2019,Roberto Benigni,Teatro Ariston,30,,,
688,NF,Omelet,Amor mio... sono me!,1980,P. Scarpettini e A. Piccareta,,Non Finalista,Omelet,0,2010,Roberto Benigni,Teatro Ariston,30,,,
689,NF,Rimmel,Angelo di seta,1980,"G. Dell'Orso, R. Guide e C. Colitti",,Non Finalista,Nico Fidenco,0,2022,Roberto Benigni,Teatro Ariston,30,,,
690,NF,Henry Freis,Dal metrò a New York,1980,S. Giacobbe,,Non Finalista,Ezio Pinza,0,2012,Roberto Benigni,Teatro Ariston,30,,,
691,NF,Mela Lo Cicero,Dammi le mani,1980,F. Chiaravalle,,Non Finalista,Sara Pellegrino,10,2022,Roberto Benigni,Teatro Ariston,30,,,
692,NF,Gianfranco De Angelis,E pensare che una volta... non era così!,1980,S. Spassiano e P. Cassella,,Non Finalista,The Kolors,59,2019,Roberto Benigni,Teatro Ariston,30,,,
693,NF,Alberto Beltrami,Non ti drogare,1980,A. Beltrami,,Non Finalista,Nayt,49,2021,Roberto Benigni,Teatro Ariston,30,,,
694,NF,Latte e Miele,Ritagli di luce,1980,L. Poltini e L. Albertelli,,Non Finalista,Ecosound,0,2013,Roberto Benigni,Teatro Ariston,30,,,
695,NF,Armonium,Ti desidero,1980,"C. Scotti Galletta, P. Barabani e F. Zulian",,Non Finalista,I Desideri,27,2020,Roberto Benigni,Teatro Ariston,30,,,
696,NF,Luca Cola,Tu che fai la moglie,1980,"L. Cola, E. Intra e Rigaldi",,Non Finalista,Gigi D'Alessio,44,2017,Roberto Benigni,Teatro Ariston,30,,,
697,NF,Coscarella e Polimeno,Tu sei la mia musica,1980,"A. Coscarella, D. Polimeno e A. Cogliati",,Non Finalista,Giulia Parisi,28,2017,Roberto Benigni,Teatro Ariston,30,,,
698,1º,Alice,Per Elisa,1981,"C. Bissi, F. Battiato e G. Pio",1,Vincitore,,,,Claudio Cecchetto,Teatro Ariston,28,,,
699,2º,Loretta Goggi,Maledetta primavera,1981,P. A. Cassella e T. Savio,2,Finalista,Loretta Goggi,56,2008,Claudio Cecchetto,Teatro Ariston,28,,,
700,3º,Dario Baldan Bembo,Tu cosa fai stasera?,1981,P. A. Cassella e D. Baldan Bembo,3,Finalista,Dario Baldan Bembo,30,1984,Claudio Cecchetto,Teatro Ariston,28,,,
701,4º,Luca Barbarossa,Roma spogliata,1981,L. Barbarossa,4,Finalista,Luca Barbarossa,44,2011,Claudio Cecchetto,Teatro Ariston,28,,,
702,5º,Ricchi e Poveri,Sarà perché ti amo,1981,"E. Ghinazzi, D. Pace e D. Farina",5,Finalista,Ricchi E Poveri,74,1998,Claudio Cecchetto,Teatro Ariston,28,,,
703,6º,Paolo Barabani,Hop hop somarello,1981,"P. Barabani, E. Ghinazzi e G. P. Reverberi",6,Finalista,Massimo,24,1981,Claudio Cecchetto,Teatro Ariston,28,,,
704,7º,Marinella,Ma chi te lo fa fare,1981,V. Pallavicini e G. P. Felisatti,7,Finalista,Massimo,6,1981,Claudio Cecchetto,Teatro Ariston,28,,,
705,8º,Michele Zarrillo,Su quel pianeta libero,1981,"M. Zarrillo, A. Rosario e P. A. Cassella",8,Finalista,Michele Zarrillo,32,1997,Claudio Cecchetto,Teatro Ariston,28,,,
706,9º,Marcella,Pensa per te,1981,G. Bigazzi e G. Bella,9,Finalista,Anna Oxa,58,1988,Claudio Cecchetto,Teatro Ariston,28,,,
707,10º,Passengers,Midnight,1981,G. Arena e A. Piccareta,10,Finalista,M83,80,2011,Claudio Cecchetto,Teatro Ariston,28,,,
708,F,Eduardo De Crescenzo,Ancora,1981,F. Migliacci e C. Mattone,,Finalista,Mina,64,2023,Claudio Cecchetto,Teatro Ariston,28,,,
709,F,Leano Morelli,Angela,1981,M. Mologni e L. Morelli,,Finalista,Checco Zalone,48,2009,Claudio Cecchetto,Teatro Ariston,28,,,
710,F,Orietta Berti,La barca non va più,1981,B. Lauzi e P. Caruso,,Finalista,Orietta Berti,6,2013,Claudio Cecchetto,Teatro Ariston,28,,,
711,F,Sterling Saint-Jacques,Blue (Tutto è blu),1981,"P. M. Bozzetti, G. Bozzetti e V. Caruso",,Finalista,Mango,7,2019,Claudio Cecchetto,Teatro Ariston,28,,,
712,F,Fiorella Mannoia,Caffè nero bollente,1981,C. Cavallo e R. De Cola,,Finalista,Fiorella Mannoia,41,1984,Claudio Cecchetto,Teatro Ariston,28,,,
713,F,Carmen & Thompson,Follow me (Se amore vuoi),1981,"L. Angeleri, C. Thompson e P. Carmen",,Finalista,Only 4 Fans,31,2021,Claudio Cecchetto,Teatro Ariston,28,,,
714,F,Stefano Tosi,Io mi,1981,"C. D'Apruzzo, M. Filistrucchi e S. Tosi Innocenti",,Finalista,Ornella Vanoni,31,2001,Claudio Cecchetto,Teatro Ariston,28,,,
715,F,Bobby Solo,Non posso perderti,1981,D. Ciotti e R. Satti,,Finalista,Bobby Solo,14,2001,Claudio Cecchetto,Teatro Ariston,28,,,
716,F,Gianni Bella,Questo amore non si tocca,1981,G. Bigazzi e G. Bella,,Finalista,,,,Claudio Cecchetto,Teatro Ariston,28,,,
717,F,Collage,I ragazzi che si amano,1981,"C. Fontana, A. Valsiglio e P. Masala",,Finalista,Collage,23,1997,Claudio Cecchetto,Teatro Ariston,28,,,
718,NF,Enzo Malepasso,Amore mio,1981,S. De Pasquale e V. Malepasso,,Non Finalista,Salvo Nicolosi,40,2009,Claudio Cecchetto,Teatro Ariston,28,,,
719,NF,Sebastiano Occhino,Bianca stella,1981,S. Occhino e L. Albertelli,,Non Finalista,Carillon di ninna nanne,25,2022,Claudio Cecchetto,Teatro Ariston,28,,,
720,NF,Jò Chiarello,Che brutto affare,1981,F. Califano e A. Varano,,Non Finalista,Jo Chiarello,29,2016,Claudio Cecchetto,Teatro Ariston,28,,,
721,NF,Gli Opera,Guerriero,1981,A. Barillà,,Non Finalista,Marco Mengoni,60,2015,Claudio Cecchetto,Teatro Ariston,28,,,
722,NF,Umberto Napolitano,Mille volte ti amo,1981,U. Napolitano,,Non Finalista,Umberto Napolitano,2,1998,Claudio Cecchetto,Teatro Ariston,28,,,
723,NF,Tom Hooker,Toccami,1981,R. Brioschi e M. Chiodi,,Non Finalista,Lara Fabian,22,2010,Claudio Cecchetto,Teatro Ariston,28,,,
724,NF,Domenico Mattia,Tulilemble,1981,G. P. Felisatti,,Non Finalista,G-Eazy,84,2014,Claudio Cecchetto,Teatro Ariston,28,,,
725,NF,Franco Fasano,Un'isola alle Hawaii,1981,F. Fasano e S. De Pasquale,,Non Finalista,Franco Fasano,3,2012,Claudio Cecchetto,Teatro Ariston,28,,,
726,1º,Riccardo Fogli,Storie di tutti i giorni,1982,"R. Fogli, G. Morra e M. Fabrizio",1,Vincitore,,,,Claudio Cecchetto,Teatro Ariston,30,,,
727,2º,Al Bano e Romina Power,Felicità,1982,"C. Minellono, G. De Stefani e D. Farina",2,Finalista,Al Bano And Romina Power,72,1982,Claudio Cecchetto,Teatro Ariston,30,,,
728,3º,Drupi,Soli,1982,"G. Anelli, G. Belleno e V. De Scalzi",3,Finalista,Club Dogo,73,2024,Claudio Cecchetto,Teatro Ariston,30,,,
729,4º,Giuseppe Cionfoli,Solo grazie,1982,G. Cionfoli,4,Finalista,Giuseppe Cionfoli,32,2008,Claudio Cecchetto,Teatro Ariston,30,,,
730,5º,Christian,Un'altra vita un altro amore,1982,M. Balducci,5,Finalista,Christian,12,2008,Claudio Cecchetto,Teatro Ariston,30,,,
731,6°,Jimmy Fontana,Beguine,1982,"F. Migliacci, E. Sbriccoli, L. Greco e L. Pellegrino",6,Finalista,Giuseppe Bruni,40,2022,Claudio Cecchetto,Teatro Ariston,30,,,
732,F,Lene Lovich,Blue Hotel,1982,Goldsand,,Finalista,Chris Isaak,60,1987,Claudio Cecchetto,Teatro Ariston,30,,,
733,F,Elisabetta Viviani,C'è,1982,M. Balducci,,Finalista,Vasco Rossi,39,2004,Claudio Cecchetto,Teatro Ariston,30,,,
734,F,Mia Martini,E non finisce mica il cielo,1982,I. Fossati,,Finalista,Mia Martini,47,2005,Claudio Cecchetto,Teatro Ariston,30,,,
735,F,Anna Oxa,Io no,1982,O. Avogadro e M. Lavezzi,,Finalista,Francesca Michielin,56,2018,Claudio Cecchetto,Teatro Ariston,30,,,
736,F,Stefano Sani,Lisa,1982,"J. Iozzo, Z. Fornaciari e F. Marsella",,Finalista,Club Dogo,59,2014,Claudio Cecchetto,Teatro Ariston,30,,,
737,F,Le Orme,Marinai,1982,"A. Salerno, D'Amico, A. Pagliuca e A. Tagliapietra",,Finalista,Tutti Fenomeni,25,2021,Claudio Cecchetto,Teatro Ariston,30,,,
738,F,Riccardo Del Turco,Non voglio ali,1982,R. Del Turco,,Finalista,Giuni Russo,2,2021,Claudio Cecchetto,Teatro Ariston,30,,,
739,F,Plastic Bertrand,Ping pong,1982,"Depsa, G. Pirazzoli e G. Fasano",,Finalista,Rino Gaetano,31,2015,Claudio Cecchetto,Teatro Ariston,30,,,
740,F,Milk & Coffee,Quando incontri l'amore,1982,"S. Subelli e I. Polizzy, C. Natili e G. Nisi",,Finalista,,,,Claudio Cecchetto,Teatro Ariston,30,,,
741,F,Viola Valentino,Romantici,1982,G. Morra e M. Fabrizio,,Finalista,Viola Valentino,35,2005,Claudio Cecchetto,Teatro Ariston,30,,,
742,F,Mal,Sei la mia donna,1982,"C. Minellono, D. Sorrenti e G. Santamaria",,Finalista,Ruggero Scandiuzzi,6,2016,Claudio Cecchetto,Teatro Ariston,30,,,
743,F,Mario Castelnuovo,Sette fili di canapa,1982,M. Castelnuovo,,Finalista,Mario Castelnuovo,13,2003,Claudio Cecchetto,Teatro Ariston,30,,,
744,F,Roberto Soffici,Strano momento,1982,R. Soffici e A. Lo Vecchio,,Finalista,Roberto Soffici,4,1996,Claudio Cecchetto,Teatro Ariston,30,,,
745,F,Bobby Solo,Tu stai,1982,R. Satti,,Finalista,Bobby Solo,19,2003,Claudio Cecchetto,Teatro Ariston,30,,,
746,F,Zucchero Fornaciari,Una notte che vola via,1982,Z. Fornaciari e C. D'Apruzzo,,Finalista,Zucchero,31,1983,Claudio Cecchetto,Teatro Ariston,30,,,
747,F,Vasco Rossi,Vado al massimo,1982,V. Rossi,,Finalista,Vasco Rossi,50,1982,Claudio Cecchetto,Teatro Ariston,30,,,
748,NF,Orietta Berti,America in,1982,"D. Pace, M. Panzeri e C. Conti",,Non Finalista,Orietta Berti,3,2013,Claudio Cecchetto,Teatro Ariston,30,,,
749,NF,Rino Martinez,Biancaneve,1982,P. Dossena e R. Martinez,,Non Finalista,The Pietro Carapellucci Choir,33,2022,Claudio Cecchetto,Teatro Ariston,30,,,
750,NF,Marina Lai,Centomila amori miei,1982,"Minimum, A. Cogliati e C. Castellari",,Non Finalista,Brattini,23,2024,Claudio Cecchetto,Teatro Ariston,30,,,
751,NF,Julie,Cuore bandito,1982,E. Palumbo e D. Sebastiani,,Non Finalista,Julie,18,2013,Claudio Cecchetto,Teatro Ariston,30,,,
752,NF,Claudio Villa,Facciamo la pace,1982,C. Villa e R. Ferri,,Non Finalista,Maurizio Pirovano,1,2022,Claudio Cecchetto,Teatro Ariston,30,,,
753,NF,Piero Cassano,Non arrenderti mai,1982,"V. Pallavicini, L. Albertelli e P. Cassano",,Non Finalista,Michael Ronda,15,2016,Claudio Cecchetto,Teatro Ariston,30,,,
754,NF,Michele Zarrillo,Una rosa blu,1982,"P. Cassella, M. Zarrillo e T. Savio",,Non Finalista,Michele Zarrillo,50,1997,Claudio Cecchetto,Teatro Ariston,30,,,
755,NF,Fiordaliso,Una sporca poesia,1982,"G. Pirazzoli, G. Fasano e Depsa",,Non Finalista,Fiordaliso,26,2001,Claudio Cecchetto,Teatro Ariston,30,,,
756,1º,Tiziana Rivale,Sarà quel che sarà,1983,R. Ferri e M. Fabrizio,1,Vincitore,,,,Andrea Giordana,Teatro Ariston,36,,,
757,2º,Donatella Milani,Volevo dirti,1983,"D. Milani, D. Pace e A. Fornaciari",2,Finalista,Nisba,37,2021,Andrea Giordana,Teatro Ariston,36,,,
758,3º,Dori Ghezzi,Margherita non lo sa,1983,O. Prudente e O. Avogadro,3,Finalista,Sandra,11,2014,Andrea Giordana,Teatro Ariston,36,,,
759,4º,Matia Bazar,Vacanze romane,1983,C. Marrale e G. Golzi,4,Finalista,Matia Bazar,50,1983,Andrea Giordana,Teatro Ariston,36,,,
760,5º,Toto Cutugno,L'italiano,1983,C. Minellono e T. Cutugno,5,Finalista,Toto Cutugno,71,1983,Andrea Giordana,Teatro Ariston,36,,,
761,6º,Fiordaliso,Oramai,1983,"C. Daiano, A. Valsiglio e Depsa",6,Finalista,Fiordaliso,19,2001,Andrea Giordana,Teatro Ariston,36,,,
762,7º,Stefano Sani,Complimenti,1983,L. Albertelli e A. Fornaciari,7,Finalista,Francesco D'Aleo,35,2021,Andrea Giordana,Teatro Ariston,36,,,
763,8º,Gianni Morandi,La mia nemica amatissima,1983,"Mogol, G. Bella e G. Morandi",8,Finalista,Gianni Morandi,13,2002,Andrea Giordana,Teatro Ariston,36,,,
764,9º,Amii Stewart,Working Late Tonight,1983,"M. Capuano, G. Capuano e S. Boswell",9,Finalista,Dennis Kuo,5,2018,Andrea Giordana,Teatro Ariston,36,,,
765,10º,Marco Armani,È la vita,1983,M. Armani e P. Armenise,10,Finalista,Aldo Tagliapietra,2,2017,Andrea Giordana,Teatro Ariston,36,,,
766,11º,Giuseppe Cionfoli,Shalom,1983,G. Cionfoli,11,Finalista,The Conscious Underground,39,2023,Andrea Giordana,Teatro Ariston,36,,,
767,12º,Giorgia Fiorio,Avrò,1983,"S. Menegale, R. Ferrato e P. Soffici",12,Finalista,Sandra,1,2014,Andrea Giordana,Teatro Ariston,36,,,
768,13º,Flavia Fortunato,Casco blu,1983,"M. Di Carlo, P. Masala, E. Palumbo e M. Ramoino",13,Finalista,Amore Mio,9,2005,Andrea Giordana,Teatro Ariston,36,,,
769,14º,Bertín Osborne,Eterna malattia,1983,E. Malepasso e L. Albertelli,14,Finalista,,,,Andrea Giordana,Teatro Ariston,36,,,
770,15º,Riccardo Azzurri,Amare te,1983,R. Azzurri,15,Finalista,Coez,71,2019,Andrea Giordana,Teatro Ariston,36,,,
771,16º,Sandro Giacobbe,Primavera,1983,S. Giacobbe e L. Albertelli,16,Finalista,Antonio Vivaldi,46,1994,Andrea Giordana,Teatro Ariston,36,,,
772,17º,Christian,Abbracciami amore mio,1983,M. Balducci,17,Finalista,Figli del divino amore,22,1995,Andrea Giordana,Teatro Ariston,36,,,
773,18º,Marco Ferradini,Una catastrofe bionda,1983,"R. Giuliani, M. Ferradini e Cheope",18,Finalista,Francesco D'Aleo,50,2018,Andrea Giordana,Teatro Ariston,36,,,
774,19º,Richard Sanderson,Stiamo insieme,1983,A. Fornaciari,19,Finalista,Aurora e Ludovica,26,2023,Andrea Giordana,Teatro Ariston,36,,,
775,20º,Zucchero,Nuvola,1983,A. Fornaciari,20,Finalista,Holden,72,2023,Andrea Giordana,Teatro Ariston,36,,,
776,21º,Gianni Nazzaro,Mi sono innamorato di mia moglie,1983,D. Pace e M. Russo,21,Finalista,Gianni Nazzaro,32,1996,Andrea Giordana,Teatro Ariston,36,,,
777,22º,Barbara Boncompagni,Notte e giorno,1983,D. Pace e A. Valsiglio,22,Finalista,DrefGold,26,2020,Andrea Giordana,Teatro Ariston,36,,,
778,23º,Passengers,Movie Star,1983,C. Valli e A. Piccarreda,23,Finalista,CIX,61,2019,Andrea Giordana,Teatro Ariston,36,,,
779,24º,Viola Valentino,Arriva arriva,1983,M. Fabrizio e V. Spampinato,24,Finalista,Marracash,30,2008,Andrea Giordana,Teatro Ariston,36,,,
780,25º,Vasco Rossi,Vita spericolata,1983,V. Rossi e T. Ferro,25,Finalista,Vasco Rossi,60,1983,Andrea Giordana,Teatro Ariston,36,,,
781,26º,Pupo,Cieli azzurri,1983,E. Ghinazzi e S. Saturnini,26,Finalista,Pupo,34,2014,Andrea Giordana,Teatro Ariston,36,,,
782,NF,Daniela Goggi,Dammi tanto amore,1983,M. Bassi e E. Ghinazzi,,Non Finalista,Margherita Ton,5,2022,Andrea Giordana,Teatro Ariston,36,,,
783,NF,Pinot,Donna sola,1983,I. Michetti,,Non Finalista,Mia Martini,25,1972,Andrea Giordana,Teatro Ariston,36,,,
784,NF,Brunella Borciani,E la neve scende,1983,L. Albertelli e A. Fornaciari,,Non Finalista,Claudio Ferrarini,4,2023,Andrea Giordana,Teatro Ariston,36,,,
785,NF,Patrizia Danzi,Fammi volare,1983,Cavaros e M. Violante,,Non Finalista,Franchino,30,2022,Andrea Giordana,Teatro Ariston,36,,,
786,NF,Gloriana,Il mio treno,1983,"S. Subelli, G. Nisi, G. Natili, S. Aloisio e F. Anfuso",,Non Finalista,Roberto Stallone,1,2002,Andrea Giordana,Teatro Ariston,36,,,
787,NF,Nino Buonocore,Nuovo amore,1983,N. Buonocore,,Non Finalista,Eros Ramazzotti,26,1984,Andrea Giordana,Teatro Ariston,36,,,
788,NF,Sibilla,Oppio,1983,"F. Battiato, G. Pio e S. Mostert",,Non Finalista,Afterhours,15,1999,Andrea Giordana,Teatro Ariston,36,,,
789,NF,Alessio Colombini,Scatole cinesi,1983,A. Cogliati e A. Colombini,,Non Finalista,Francesco Spaggiari,18,2016,Andrea Giordana,Teatro Ariston,36,,,
790,NF,Manuele Pepe,Solo con te,1983,M. Pepe,,Non Finalista,Aiden,31,2019,Andrea Giordana,Teatro Ariston,36,,,
791,NF,Amedeo Minghi,1950,1983,G. Chiocchio e A. Minghi,,Non Finalista,Amedeo Minghi,59,1983,Andrea Giordana,Teatro Ariston,36,,,
792,1º,Al Bano e Romina Power,Ci sarà,1984,C. Minellono e D. Farina,1,Vincitore,,,,Pippo Baudo,Teatro Ariston,36,,,
793,2º,Toto Cutugno,Serenata,1984,S. Cutugno e V. Pallavicini,2,Finalista,Jovanotti,51,1994,Pippo Baudo,Teatro Ariston,36,,,
794,3º,Christian,Cara,1984,M. Balducci,3,Finalista,Ghali,57,2018,Pippo Baudo,Teatro Ariston,36,,,
795,4º,Pupo,Un amore grande,1984,"G. Savio, G. Bigazzi e U. Tozzi",4,Finalista,Pupo,45,2005,Pippo Baudo,Teatro Ariston,36,,,
796,5º,Fiordaliso,Non voglio mica la luna,1984,"E. Malepasso, L. Albertelli e A. Fornaciari",5,Finalista,Fiordaliso,55,1983,Pippo Baudo,Teatro Ariston,36,,,
797,6º,Mario Castelnuovo,Nina,1984,M. Castelnuovo,6,Finalista,Nina Zilli,45,2012,Pippo Baudo,Teatro Ariston,36,,,
798,7º,Anna Oxa,Non scendo,1984,O. Avogadro e M. Lavezzi,7,Finalista,Anna Oxa,19,2013,Pippo Baudo,Teatro Ariston,36,,,
799,8º,Drupi,Regalami un sorriso,1984,"A. Cogliati, G. Anelli e F. Fasano",8,Finalista,Niccolò Moriconi,36,2013,Pippo Baudo,Teatro Ariston,36,,,
800,9º,Iva Zanicchi,Chi (Mi darà),1984,U. Balsamo e C. Malgioglio,9,Finalista,Ty Dolla $ign,59,2015,Pippo Baudo,Teatro Ariston,36,,,
801,10º,Patty Pravo,Per una bambola,1984,M. Monti,10,Finalista,Patty Pravo,20,1984,Pippo Baudo,Teatro Ariston,36,,,
802,11º,Gruppo Italiano,Anni ruggenti,1984,"P. Di Malta, R. Riva, G. Folino e C. Santulli",11,Finalista,Gruppo Italiano,21,2002,Pippo Baudo,Teatro Ariston,36,,,
803,12º,Bobby Solo,Ancora ti vorrei,1984,"R. Satti, Susuki e M. Mologni",12,Finalista,Franco D'Amore,8,2022,Pippo Baudo,Teatro Ariston,36,,,
804,13º,Donatella Milani,Libera,1984,"D. Milani, Filistrucchi e Putzolu",13,Finalista,LIBERATO,65,2019,Pippo Baudo,Teatro Ariston,36,,,
805,14º,Fiorella Mannoia,Come si cambia,1984,M. Piccoli e R. Pareti,14,Finalista,Fiorella Mannoia,38,2013,Pippo Baudo,Teatro Ariston,36,,,
806,15º,Marisa Sannia,Amore amore,1984,D. Pace e C. Conti,15,Finalista,Luigi Tenco,34,1966,Pippo Baudo,Teatro Ariston,36,,,
807,16º,Alberto Camerini,La bottega del caffè,1984,A. Camerini,16,Finalista,Alberto Camerini,19,1998,Pippo Baudo,Teatro Ariston,36,,,
808,17º,Riccardo Del Turco,Serena alienazione,1984,Mogol e R. Del Turco,17,Finalista,Tonino,0,2014,Pippo Baudo,Teatro Ariston,36,,,
809,18º,Garbo,Radioclima,1984,R. Abate,18,Finalista,Garbo,4,2007,Pippo Baudo,Teatro Ariston,36,,,
810,19º,Enrico Ruggeri,Nuovo swing,1984,E. Ruggeri,19,Finalista,Enrico Ruggeri,30,1987,Pippo Baudo,Teatro Ariston,36,,,
811,20º,Stadio,Allo stadio,1984,L. Carboni e G. Curreri,20,Finalista,Stadio,39,1984,Pippo Baudo,Teatro Ariston,36,,,
812,1º,Ricchi e Poveri,Se m'innamoro,1985,D. Farina e C. Minellono,1,Vincitore,,,,Pippo Baudo,Teatro Ariston,38,,,
813,2º,Luis Miguel,"Noi, ragazzi di oggi",1985,S. Cutugno e C. Minellono,2,Finalista,Luis Miguel,49,1985,Pippo Baudo,Teatro Ariston,38,,,
814,3º,Gigliola Cinquetti,Chiamalo amore,1985,D. Farina e P. A. Cassella,3,Finalista,Gigliola Cinquetti,19,1996,Pippo Baudo,Teatro Ariston,38,,,
815,4º,Riccardo Fogli,Sulla buona strada,1985,M. Fabrizio e V. Spampinato,4,Finalista,Riccardo Fogli,27,2006,Pippo Baudo,Teatro Ariston,38,,,
816,5º,Christian,Notte serena,1985,M. Balducci,5,Finalista,Spanish Guitar Lounge Music,10,2024,Pippo Baudo,Teatro Ariston,38,,,
817,6º,Eros Ramazzotti,Una storia importante,1985,"E. Ramazzotti, P. Cassano e A. Cogliati",6,Finalista,Eros Ramazzotti,49,2014,Pippo Baudo,Teatro Ariston,38,,,
818,7º,Anna Oxa,A lei,1985,R. Vecchioni e M. Paoluzzi,7,Finalista,≈ Belize ≈,12,2018,Pippo Baudo,Teatro Ariston,38,,,
819,8º,Fiordaliso,Il mio angelo,1985,L. Albertelli e E. Malepasso,8,Finalista,Fiordaliso,23,2001,Pippo Baudo,Teatro Ariston,38,,,
820,9º,Peppino Di Capri,E mo' e mo',1985,"G. Faiella, S. De Pasquale e F. Fasano",9,Finalista,Peppino Di Capri,36,2013,Pippo Baudo,Teatro Ariston,38,,,
821,10º,Matia Bazar,Souvenir,1985,"A. Stellita, C. Marrale e S. Cossu",10,Finalista,Selena Gomez,71,2020,Pippo Baudo,Teatro Ariston,38,,,
822,11º,Marco Armani,Tu dimmi un cuore ce l'hai,1985,M. Armenise e P. Armenise,11,Finalista,Marco Armani,36,1985,Pippo Baudo,Teatro Ariston,38,,,
823,12º,Drupi,Fammi volare,1985,"S. Negroni, D. Dato e G. Anelli",12,Finalista,Franchino,30,2022,Pippo Baudo,Teatro Ariston,38,,,
824,13º,Franco Simone,Ritratto,1985,M. Colombo e F. Simone,13,Finalista,Papik,19,2019,Pippo Baudo,Teatro Ariston,38,,,
825,14º,Eduardo De Crescenzo,Via con me,1985,C. Mattone e D. Pace,14,Finalista,Paolo Conte,43,2014,Pippo Baudo,Teatro Ariston,38,,,
826,15º,Banco del Mutuo Soccorso,Grande Joe,1985,F. Di Giacomo e V. Nocenzi,15,Finalista,Mariah Carey,70,2020,Pippo Baudo,Teatro Ariston,38,,,
827,16º,Dario Baldan Bembo,Da quando non ci sei,1985,D. Baldan Bembo e A. Maggio,16,Finalista,Seife,18,2023,Pippo Baudo,Teatro Ariston,38,,,
828,17º,Ivan Graziani,Franca ti amo,1985,I. Graziani,17,Finalista,Ivan Graziani,19,2010,Pippo Baudo,Teatro Ariston,38,,,
829,18º,Eugenio Finardi,Vorrei svegliarti,1985,E. Finardi e D. Madonia,18,Finalista,Eugenio Finardi,10,1985,Pippo Baudo,Teatro Ariston,38,,,
830,19º,Mimmo Locasciulli,Buona fortuna,1985,M. Locasciulli,19,Finalista,Benji & Fede,45,2018,Pippo Baudo,Teatro Ariston,38,,,
831,20º,New Trolls,Faccia di cane,1985,"F. De André, R. Ferri, V. De Scalzi, G. Belleno, N. Di Palo e R. Belloni",20,Finalista,New Trolls,20,2012,Pippo Baudo,Teatro Ariston,38,,,
832,21º,Zucchero Fornaciari & Randy Jackson Band,Donne,1985,A. Fornaciari e A. Salerno,21,Finalista,Zucchero,57,1985,Pippo Baudo,Teatro Ariston,38,,,
833,22º,Garbo,Cose veloci,1985,R. Abate,22,Finalista,Jonathan Richman,30,2004,Pippo Baudo,Teatro Ariston,38,,,
834,1º,Eros Ramazzotti,Adesso tu,1986,"E. Ramazzotti, P. Cassano e A. Cogliati",1,Vincitore,,,,Loretta Goggi,Teatro Ariston,36,,,
835,2º,Renzo Arbore,Il clarinetto,1986,C. Mattone e R. Arbore,2,Finalista,Renzo Arbore,32,1986,Loretta Goggi,Teatro Ariston,36,,,
836,3º,Marcella,Senza un briciolo di testa,1986,"G. Bella, Mogol e G. Westley",3,Finalista,Marcella Bella,32,1993,Loretta Goggi,Teatro Ariston,36,,,
837,4º,Toto Cutugno,Azzurra malinconia,1986,S. Cutugno,4,Finalista,Toto Cutugno,29,1986,Loretta Goggi,Teatro Ariston,36,,,
838,5º,Anna Oxa,È tutto un attimo,1986,"A. Cogliati, F. Ciani, M. Lavezzi e U. Smaila",5,Finalista,Anna Oxa,49,1986,Loretta Goggi,Teatro Ariston,36,,,
839,6º,Orietta Berti,Futuro,1986,U. Balsamo e L. Raggi,6,Finalista,PSICOLOGI,53,2019,Loretta Goggi,Teatro Ariston,36,,,
840,7º,Nino D'Angelo,Vai,1986,N. D'Angelo e A. Annona,7,Finalista,Ozuna,78,2018,Loretta Goggi,Teatro Ariston,36,,,
841,8º,Fred Bongusto,Cantare,1986,"S. Iodice, F. Bongusto e M. Di Francia",8,Finalista,Mannarino,47,2021,Loretta Goggi,Teatro Ariston,36,,,
842,9º,Loredana Bertè,Re,1986,A. Mango e G. Mango,9,Finalista,Tedua,74,2023,Loretta Goggi,Teatro Ariston,36,,,
843,10º,Fiordaliso,Fatti miei,1986,"Z. Fornaciari, E. Malepasso e L. Albertelli",10,Finalista,Enzo Avitabile,28,2022,Loretta Goggi,Teatro Ariston,36,,,
844,11º,Marco Armani,Uno sull'altro,1986,P. Armenise e M. Armenise,11,Finalista,Marco Armani,16,1994,Loretta Goggi,Teatro Ariston,36,,,
845,12º,Sergio Endrigo,Canzone italiana,1986,C. Mattone e S. Endrigo,12,Finalista,Trattoria Italiana,37,2020,Loretta Goggi,Teatro Ariston,36,,,
846,13º,Rettore,Amore Stella,1986,G. Morra e M. Fabrizio,13,Finalista,Donatella Rettore,25,2001,Loretta Goggi,Teatro Ariston,36,,,
847,14º,Mango,Lei verrà,1986,G. Mango e A. Salerno,14,Finalista,Mango,52,1986,Loretta Goggi,Teatro Ariston,36,,,
848,15º,Righeira,Innamoratissimo (Tu che fai battere forte il mio cuore),1986,"S. Rota, S. Righi, La Bionda, S. Conforti e C. Minellono",15,Finalista,BLANCO,58,2023,Loretta Goggi,Teatro Ariston,36,,,
849,16º,Scialpi,"No East, No West",1986,"G. Scialpi, Thoty e F. Migliacci",16,Finalista,Kool & The Gang,30,1972,Loretta Goggi,Teatro Ariston,36,,,
850,17º,Enrico Ruggeri,Rien ne va plus,1986,E. Ruggeri,17,Finalista,Enrico Ruggeri,19,1986,Loretta Goggi,Teatro Ariston,36,,,
851,18º,Luca Barbarossa,Via Margutta,1986,L. Barbarossa,18,Finalista,Luca Barbarossa,48,2011,Loretta Goggi,Teatro Ariston,36,,,
852,19º,Flavia Fortunato,Verso il 2000,1986,"A. De Sanctis, A. Cheli e E. Palumbo",19,Finalista,Flavia Fortunato,22,2014,Loretta Goggi,Teatro Ariston,36,,,
853,20º,Rossana Casale,Brividi,1986,G. Morra e M. Fabrizio,20,Finalista,Mahmood,65,2022,Loretta Goggi,Teatro Ariston,36,,,
854,21º,Zucchero Fornaciari,Canzone triste,1986,Z. Fornaciari,21,Finalista,Zucchero,43,1986,Loretta Goggi,Teatro Ariston,36,,,
855,22º,Stadio,Canzoni alla radio,1986,"L. Carboni, G. Curreri e R. Portera",22,Finalista,Stadio,29,1986,Loretta Goggi,Teatro Ariston,36,,,
856,1º,"Gianni Morandi, Enrico Ruggeri e Umberto Tozzi",Si può dare di più,1987,"G. Bigazzi, U. Tozzi e R. Riefoli",1,Vincitore,,,,Pippo Baudo,Teatro Ariston,40,,,
857,2º,Toto Cutugno,Figli,1987,S. Cutugno,2,Finalista,Alan Sorrenti,61,1977,Pippo Baudo,Teatro Ariston,40,,,
858,3º,Al Bano e Romina Power,Nostalgia canaglia,1987,"V. Pallavicini, W. Molco, A. Carrisi, R. Power e V. Mercurio",3,Finalista,Al Bano,42,2007,Pippo Baudo,Teatro Ariston,40,,,
859,4º,Fausto Leali,Io amo,1987,"S. Cutugno, F. Leali, G. Fasano e I. Ianne",4,Finalista,Fausto Leali,31,1993,Pippo Baudo,Teatro Ariston,40,,,
860,5º,Peppino Di Capri,Il sognatore,1987,S. Cutugno e Depsa,5,Finalista,Peppino Di Capri,41,2013,Pippo Baudo,Teatro Ariston,40,,,
861,6º,Marcella,Tanti auguri,1987,G. Paoli e G. Bella,6,Finalista,Chorus Friends,42,2012,Pippo Baudo,Teatro Ariston,40,,,
862,7º,Ricchi e Poveri,Canzone d'amore,1987,"S. Cutugno, G. Rampazzo e D. Farina",7,Finalista,Gazzelle,64,2023,Pippo Baudo,Teatro Ariston,40,,,
863,8º,Fiorella Mannoia,Quello che le donne non dicono,1987,E. Ruggeri e L. Schiavone,8,Finalista,Fiorella Mannoia,56,1988,Pippo Baudo,Teatro Ariston,40,,,
864,9º,Luca Barbarossa,Come dentro un film,1987,L. Barbarossa,9,Finalista,Luca Barbarossa,43,2011,Pippo Baudo,Teatro Ariston,40,,,
865,10º,Christian,Aria e musica,1987,S. Amato e F. Morgia,10,Finalista,Música de mesa para sentirse bien durante la cena,0,2024,Pippo Baudo,Teatro Ariston,40,,,
866,11º,Lena Biolcati,Vita mia,1987,S. D'Orazio e M. Tansini,11,Finalista,Amedeo Minghi,37,2014,Pippo Baudo,Teatro Ariston,40,,,
867,12º,Rossana Casale,Destino,1987,G. Morra e M. Fabrizio,12,Finalista,VillaBanks,42,2023,Pippo Baudo,Teatro Ariston,40,,,
868,13º,Flavia Fortunato,Canto per te,1987,"E. Palumbo, A. de Sanctis e M. Banis",13,Finalista,DJ Herzbeat,37,2020,Pippo Baudo,Teatro Ariston,40,,,
869,14º,Dori Ghezzi,E non si finisce mai,1987,A. Cogliati e P. Cassano,14,Finalista,Il Laboratorio del Ritmo,0,2020,Pippo Baudo,Teatro Ariston,40,,,
870,15º,Eduardo De Crescenzo,L'odore del mare,1987,"G. Morra, E. De Crescenzo e M. Fabrizio",15,Finalista,Tiromancino,38,2021,Pippo Baudo,Teatro Ariston,40,,,
871,16º,Scialpi,Bella età,1987,"F. Migliacci, G. Scialpi e R. Zaneli",16,Finalista,Marcello Vadori,0,2018,Pippo Baudo,Teatro Ariston,40,,,
872,17º,Le Orme,Dimmi che cos'è,1987,A. Tagliapietra,17,Finalista,Pupo,20,1995,Pippo Baudo,Teatro Ariston,40,,,
873,18º,Mango,Dal cuore in poi,1987,"A. Salerno, A. Mango e G. Mango",18,Finalista,Mango,12,1987,Pippo Baudo,Teatro Ariston,40,,,
874,19º,Tony Esposito,Sinuè,1987,"G. Di Franco, T. Esposito e R. Licastro",19,Finalista,Tony Esposito,14,1997,Pippo Baudo,Teatro Ariston,40,,,
875,20º,Patty Pravo,Pigramente signora,1987,M. Arnaboldi e F. Evangelisti,20,Finalista,Patty Pravo,6,1988,Pippo Baudo,Teatro Ariston,40,,,
876,21º,Sergio Caputo,Il Garibaldi innamorato,1987,S. Caputo,21,Finalista,Sergio Caputo,35,1987,Pippo Baudo,Teatro Ariston,40,,,
877,22º,Mario Castelnuovo,Madonna di Venere,1987,M. Castelnuovo,22,Finalista,Mario Castelnuovo,3,2003,Pippo Baudo,Teatro Ariston,40,,,
878,23º,Nino Buonocore,Rosanna,1987,N. Buonocore,23,Finalista,Rosanna Fratello,44,1999,Pippo Baudo,Teatro Ariston,40,,,
879,24º,Nada,Bolero,1987,G. Manzoli,24,Finalista,London Symphony Orchestra,51,1995,Pippo Baudo,Teatro Ariston,40,,,
880,1º,Massimo Ranieri,Perdere l'amore,1988,M. Marrocchi e G. Artegiani,1,Vincitore,,,,Miguel Bosé,Teatro Ariston,42,,,
881,2º,Toto Cutugno,Emozioni,1988,T. Cutugno,2,Finalista,Lucio Battisti,55,1970,Miguel Bosé,Teatro Ariston,42,,,
882,3º,Luca Barbarossa,L'amore rubato,1988,L. Barbarossa,3,Finalista,Luca Barbarossa,36,1988,Miguel Bosé,Teatro Ariston,42,,,
883,4º,Marcella,Dopo la tempesta,1988,A. Salerno e G. Bella,4,Finalista,Marcella Bella,38,1988,Miguel Bosé,Teatro Ariston,42,,,
884,5º,Fausto Leali,Mi manchi,1988,F. Berlincioni e G. Fasano,5,Finalista,Paky,62,2022,Miguel Bosé,Teatro Ariston,42,,,
885,6º,Mino Reitano,Italia,1988,U. Balsamo,6,Finalista,BIA,73,2023,Miguel Bosé,Teatro Ariston,42,,,
886,7º,Anna Oxa,Quando nasce un amore,1988,"A. Cogliati, F. Ciani e P. Cassano",7,Finalista,Anna Oxa,58,1988,Miguel Bosé,Teatro Ariston,42,,,
887,8º,Fiordaliso con Claudio Cabrini,Per noi,1988,T. Cutugno,8,Finalista,Amedeo Minghi,22,2014,Miguel Bosé,Teatro Ariston,42,,,
888,9º,Ricchi e Poveri,Nascerà Gesù,1988,U. Balsamo,9,Finalista,Francesco Rinaldi,2,2007,Miguel Bosé,Teatro Ariston,42,,,
889,10º,Fiorella Mannoia,Le notti di maggio,1988,I. Fossati,10,Finalista,Fiorella Mannoia,33,2014,Miguel Bosé,Teatro Ariston,42,,,
890,11º,Raf,Inevitabile follia,1988,G. Bigazzi e R. Riefoli,11,Finalista,Raf,43,1988,Miguel Bosé,Teatro Ariston,42,,,
891,12º,Francesco Nuti,Sarà per te,1988,R. Mariotti,12,Finalista,Francesco Nuti,39,1989,Miguel Bosé,Teatro Ariston,42,,,
892,13º,Franco Califano,Io (Per le strade di quartiere),1988,F. Califano e T. Cutugno,13,Finalista,Franco Califano,26,2016,Miguel Bosé,Teatro Ariston,42,,,
893,14º,Figli di Bubba,Nella valle dei Timbales,1988,M. Pagani,14,Finalista,Fausto Papetti,0,1997,Miguel Bosé,Teatro Ariston,42,,,
894,15º,Michele Zarrillo,Come un giorno di sole,1988,"G. Artegiani, M. Zarrillo e L. Lopez",15,Finalista,Enrico Gerli,1,2016,Miguel Bosé,Teatro Ariston,42,,,
895,16º,Loredana Bertè,Io,1988,T. Cicco,16,Finalista,Rose Villain,69,2023,Miguel Bosé,Teatro Ariston,42,,,
896,17º,Peppino di Capri,Nun chiagnere,1988,"L. Raggi, Depsa e G. Fasano",17,Finalista,Alessandra Di Cesare,26,2023,Miguel Bosé,Teatro Ariston,42,,,
897,18º,Tullio De Piscopo,Andamento lento,1988,"T. De Piscopo, M. Capuano e G. Capuano",18,Finalista,Tullio De Piscopo,43,1998,Miguel Bosé,Teatro Ariston,42,,,
898,19º,Matia Bazar,La prima stella della sera,1988,"A. Stellita, S. Cossu e C. Marrale",19,Finalista,Matia Bazar,17,2011,Miguel Bosé,Teatro Ariston,42,,,
899,20º,Drupi,Era bella davvero,1988,"O. Avogadro, P. Cassella e D. Farina",20,Finalista,Drupi,33,2019,Miguel Bosé,Teatro Ariston,42,,,
900,21º,Ron,Il mondo avrà una grande anima,1988,R. Cellamare,21,Finalista,Ron,7,2013,Miguel Bosé,Teatro Ariston,42,,,
901,22º,Flavia Fortunato,Una bella canzone,1988,O. Avogadro e M. Lavezzi,22,Finalista,,,,Miguel Bosé,Teatro Ariston,42,,,
902,23º,New Trolls,Cielo chiaro,1988,"V. De Scalzi, N. Di Palo e G. Belleno",23,Finalista,New Credo,8,1991,Miguel Bosé,Teatro Ariston,42,,,
903,24º,Denovo,Ma che idea,1988,L. Madonia,24,Finalista,King Ital Rebel,32,2015,Miguel Bosé,Teatro Ariston,42,,,
904,25º,Nino Buonocore,Le tue chiavi non ho,1988,A. Salerno e N. Buonocore,25,Finalista,Fausto Papetti,0,1997,Miguel Bosé,Teatro Ariston,42,,,
905,26º,Alan Sorrenti,Come per miracolo,1988,A. Sorrenti e G. Cavalli,26,Finalista,Ennio Morricone,14,1974,Miguel Bosé,Teatro Ariston,42,,,
906,1º,Anna Oxa e Fausto Leali,Ti lascerò,1989,"G. Fasano, F. Leali, F. Ciani, F. Berlincioni e S. Bardotti",1,Vincitore,,,,Rosita Celentano,Teatro Ariston,48,,,
907,2º,Toto Cutugno,Le mamme,1989,T. Cutugno e S. Borgia,2,Finalista,Pino Marelli,21,2011,Rosita Celentano,Teatro Ariston,48,,,
908,3º,Al Bano e Romina Power,Cara terra mia,1989,"A. Carrisi, R. Power e V. Pallavicini",3,Finalista,Al Bano,21,2007,Rosita Celentano,Teatro Ariston,48,,,
909,4º,Riccardo Fogli,Non finisce così,1989,"Laurex, M. Patrignani, C. Cofani e F. Evangelisti",4,Finalista,Riccardo Fogli,18,1997,Rosita Celentano,Teatro Ariston,48,,,
910,5°,Jovanotti,Vasco,1989,"C. Cecchetto, L. Cherubini, L. Cersosimo",5,Finalista,Vasco Rossi,59,2016,Rosita Celentano,Teatro Ariston,48,,,
911,6°,Fiordaliso con Claudio Cabrini,Se non avessi te,1989,T. Cutugno,6,Finalista,Umberto Tozzi,42,1987,Rosita Celentano,Teatro Ariston,48,,,
912,7°,Francesco Salvi,Esatto!,1989,"F. Salvi, S. Melloni e M. Natale",7,Finalista,Dayfel Perdomo,0,2019,Rosita Celentano,Teatro Ariston,48,,,
913,8°,Ricchi e Poveri,Chi voglio sei tu,1989,P. Cassano e A. Cogliati,8,Finalista,Ricchi E Poveri,18,2004,Rosita Celentano,Teatro Ariston,48,,,
914,9°,Mia Martini,Almeno tu nell'universo,1989,B. Lauzi e M. Fabrizio,9,Finalista,Mia Martini,56,2011,Rosita Celentano,Teatro Ariston,48,,,
915,10°,Ornella Vanoni,Io come farò,1989,"M. Pagani, G. Paoli e S. Bardotti",10,Finalista,Ornella Vanoni,14,1989,Rosita Celentano,Teatro Ariston,48,,,
916,11°,Peppino di Capri,Il mio pianoforte,1989,"R. Fiorillo, M. Di Francia e G. Faiella",11,Finalista,Francesco Baccini,38,1990,Rosita Celentano,Teatro Ariston,48,,,
917,12°,Marisa Laurito,Il babà è una cosa seria,1989,S. Palomba e E. Alfieri,12,Finalista,Emanuele Aloia,63,2021,Rosita Celentano,Teatro Ariston,48,,,
918,13°,Gino Paoli,Questa volta no,1989,P. Penzo e G. Paoli,13,Finalista,Raphael Gualazzi,17,2020,Rosita Celentano,Teatro Ariston,48,,,
919,14°,Renato Carosone,Na canzuncella doce doce,1989,C. Mattone,14,Finalista,Sal Da Vinci,26,2009,Rosita Celentano,Teatro Ariston,48,,,
920,15°,Raf,Cosa resterà degli anni '80,1989,"G. Bigazzi, G. Dati e R. Riefoli",15,Finalista,Raf,53,1989,Rosita Celentano,Teatro Ariston,48,,,
921,16°,Dori Ghezzi,Il cuore delle donne,1989,"M. Paoluzzi, O. Avogadro e R. Ferri",16,Finalista,Orchestra Matteo Tassi,0,2007,Rosita Celentano,Teatro Ariston,48,,,
922,17°,Enzo Jannacci,Se me lo dicevi prima,1989,E. Jannacci e M. Bassi,17,Finalista,Enzo Jannacci,34,1997,Rosita Celentano,Teatro Ariston,48,,,
923,18°,Gigliola Cinquetti,Ciao,1989,"Gepy & Gepy, M. Governi e R. Russo",18,Finalista,Sfera Ebbasta,73,2023,Rosita Celentano,Teatro Ariston,48,,,
924,19°,Rossana Casale,A che servono gli dei,1989,M. Fabrizio e G. Morra,19,Finalista,Rossana Casale,16,1989,Rosita Celentano,Teatro Ariston,48,,,
925,20°,Tullio De Piscopo,E allora e allora,1989,"M. Capuano, G. Capuano e T. De Piscopo",20,Finalista,Vinicio Capossela,40,2003,Rosita Celentano,Teatro Ariston,48,,,
926,21°,Eduardo De Crescenzo,Come mi vuoi,1989,M. G. Nava e E. De Crescenzo,21,Finalista,Eduardo De Crescenzo,31,1989,Rosita Celentano,Teatro Ariston,48,,,
927,22°,Fred Bongusto,Scusa,1989,"F. Bongusto, E. Campassi e S. Iodice",22,Finalista,Gazzelle,57,2021,Rosita Celentano,Teatro Ariston,48,,,
928,23°,Gigi Sabani,La fine del mondo,1989,"T. Cutugno, G. Fasano e Depsa",23,Finalista,Anastasio,35,2018,Rosita Celentano,Teatro Ariston,48,,,
929,24°,Sergio Caputo,Rifarsi una vita,1989,S. Caputo,24,Finalista,Sergio Caputo,0,2024,Rosita Celentano,Teatro Ariston,48,,,
930,1º,Pooh,Uomini soli,1990,V. Negrini e C. Facchinetti,1,Vincitore,,,,Gabriella Carlucci,Sanremo,36,,,
931,2º,Toto Cutugno,Gli amori,1990,"F. Berlincioni, S. Cutugno e S. De Pasquale",2,Finalista,Toto Cutugno,39,2002,Gabriella Carlucci,Sanremo,36,,,
932,3º,Amedeo Minghi e Mietta,Vattene amore,1990,A. Minghi,3,Finalista,Mietta,57,1990,Gabriella Carlucci,Sanremo,36,,,
933,4°,Anna Oxa,Donna con te,1990,D. Amerio e L. Boero,4,Finalista,Anna Oxa,42,1990,Gabriella Carlucci,Sanremo,36,,,
934,5°,Marcella e Gianni Bella,Verso l'ignoto,1990,"D. Di Gregorio, G. Bella e R. Di Bella",5,Finalista,Gianni Bella,28,1990,Gabriella Carlucci,Sanremo,36,,,
935,6°,Mia Martini,La nevicata del '56,1990,"C. Vistarini, F. Califano, M. Cantini e L. Lopez",6,Finalista,Mia Martini,35,2012,Gabriella Carlucci,Sanremo,36,,,
936,7°,Mango,Tu... sì,1990,A. Mango e G. Mango,7,Finalista,Angelo Famao,65,2018,Gabriella Carlucci,Sanremo,36,,,
937,8°,Francesco Salvi,A,1990,"F. Salvi, M. Natale, R. Turatti e S. Melloni",8,Finalista,Yung Pips,48,2022,Gabriella Carlucci,Sanremo,36,,,
938,9°,Caterina Caselli,Bisognerebbe non pensare che a te,1990,G. Morra e M. Fabrizio,9,Finalista,Caterina Caselli,16,1990,Gabriella Carlucci,Sanremo,36,,,
939,10°,Riccardo Fogli,Ma quale amore,1990,"A. De Angelis, B. Incarnato e L. Lopez",10,Finalista,Eduardo De Crescenzo,24,2017,Gabriella Carlucci,Sanremo,36,,,
940,11°,Sandro Giacobbe,Io vorrei,1990,S. Cutugno e S. Giacobbe,11,Finalista,Lucio Battisti,56,1972,Gabriella Carlucci,Sanremo,36,,,
941,12°,Paola Turci,Ringrazio Dio,1990,"A. Rizzo, Rambow e R. Silvestro",12,Finalista,Paola Turci,14,2013,Gabriella Carlucci,Sanremo,36,,,
942,13°,Milva,Sono felice,1990,R. Cellamare e B. Antonacci,13,Finalista,Blue Virus,23,2017,Gabriella Carlucci,Sanremo,36,,,
943,14°,Grazia Di Michele,Io e mio padre,1990,G. Di Michele,14,Finalista,Grazia Di Michele,12,2016,Gabriella Carlucci,Sanremo,36,,,
944,15°,Peppino di Capri,Evviva Maria,1990,G. Faiella e S. De Pasquale,15,Finalista,Peppino Di Capri,25,2013,Gabriella Carlucci,Sanremo,36,,,
945,16°,Eugenio Bennato e Tony Esposito,Novecento Aufwiedersehen,1990,"E. Bennato, A. Esposito e C. D'Angiò",16,Finalista,Eugenio Bennato,2,2010,Gabriella Carlucci,Sanremo,36,,,
946,17°,Ricchi e Poveri,Buona giornata,1990,"S. De Pasquale, M. Paoluzzi e V. Cosma",17,Finalista,Aliciakat,24,2023,Gabriella Carlucci,Sanremo,36,,,
947,18°,Lena Biolcati,Amori,1990,L. Biolcati e Robymiro,18,Finalista,Renato Zero,20,1982,Gabriella Carlucci,Sanremo,36,,,
948,19°,Mino Reitano,Vorrei,1990,"C. Malgioglio, P. Vernola, F. Reitano e B. Reitano",19,Finalista,J-AX,55,2017,Gabriella Carlucci,Sanremo,36,,,
949,20°,Christian,Amore,1990,"F. Berlincioni, G. Rossi, S. Amato e F. Morgia",20,Finalista,Emma,65,2023,Gabriella Carlucci,Sanremo,36,,,
950,1º,Riccardo Cocciante,Se stiamo insieme,1991,R. Cocciante e Mogol,1,Vincitore,,,,Andrea Occhipinti,Teatro Ariston,36,,,
951,2º,Renato Zero,Spalle al muro,1991,M. Nava,2,Finalista,Renato Zero,39,1991,Andrea Occhipinti,Teatro Ariston,36,,,
952,3º,Marco Masini,Perché lo fai,1991,"G. Bigazzi, M. Manzani e M. Masini",3,Finalista,Marco Masini,42,1991,Andrea Occhipinti,Teatro Ariston,36,,,
953,4º,Umberto Tozzi,Gli altri siamo noi,1991,U. Tozzi e G. Bigazzi,4,Finalista,Umberto Tozzi,46,1991,Andrea Occhipinti,Teatro Ariston,36,,,
954,5º,Pierangelo Bertoli e Tazenda,Spunta la Luna dal monte,1991,L. Marielli e P. Bertoli,5,Finalista,Pierangelo Bertoli,47,1995,Andrea Occhipinti,Teatro Ariston,36,,,
955,6º,Amedeo Minghi,Nené,1991,A. Minghi,6,Finalista,Francesco Guccini,6,2015,Andrea Occhipinti,Teatro Ariston,36,,,
956,7º,Mietta,Dubbi no,1991,A. Minghi,7,Finalista,Pino Daniele,38,2019,Andrea Occhipinti,Teatro Ariston,36,,,
957,8º,Al Bano e Romina Power,Oggi sposi,1991,Depsa e G. Andreetto,8,Finalista,Al Bano,15,2017,Andrea Occhipinti,Teatro Ariston,36,,,
958,9º,Riccardo Fogli,Io ti prego di ascoltare,1991,G. Morra e M. Fabrizio,9,Finalista,Riccardo Fogli,16,2008,Andrea Occhipinti,Teatro Ariston,36,,,
959,10º,Raf,Oggi un Dio non ho,1991,R. Riefoli e G. Dati,10,Finalista,Raf,38,1991,Andrea Occhipinti,Teatro Ariston,36,,,
960,11º,Enzo Jannacci,La fotografia,1991,V. Jannacci,11,Finalista,Enzo Jannacci,32,2006,Andrea Occhipinti,Teatro Ariston,36,,,
961,12º,Fiordaliso,Il mare più grande che c'è (I Love You Man),1991,F. Ciani e F. Zanotti,12,Finalista,Fiordaliso,32,2004,Andrea Occhipinti,Teatro Ariston,36,,,
962,13º,Jo Squillo e Sabrina Salerno,Siamo donne,1991,G. Coletti,13,Finalista,Sabrina,29,2015,Andrea Occhipinti,Teatro Ariston,36,,,
963,14º,Ladri di Biciclette,Sbatti ben su del Be Bop,1991,P. Belli e E. Prandi,14,Finalista,Studio Sound Group,0,2011,Andrea Occhipinti,Teatro Ariston,36,,,
964,15º,Eduardo De Crescenzo,E la musica va,1991,E. De Crescenzo e F. Del Prete,15,Finalista,Eduardo De Crescenzo,32,1990,Andrea Occhipinti,Teatro Ariston,36,,,
965,16º,Grazia Di Michele,Se io fossi un uomo,1991,"Joanna, G. Di Michele e P. Nocera",16,Finalista,Grazia Di Michele,0,2024,Andrea Occhipinti,Teatro Ariston,36,,,
966,17º,Rossana Casale,Terra,1991,G. Morra e M. Fabrizio,17,Finalista,Eros Ramazzotti,52,2014,Andrea Occhipinti,Teatro Ariston,36,,,
967,18º,Loredana Bertè,In questa città,1991,P. Daniele,18,Finalista,Max Pezzali,38,2020,Andrea Occhipinti,Teatro Ariston,36,,,
968,19º,Gianni Bella,La fila degli oleandri,1991,G. Bella e Mogol,19,Finalista,Gianni Bella,18,1995,Andrea Occhipinti,Teatro Ariston,36,,,
969,20º,Mariella Nava,Gli uomini,1991,M. Nava,20,Finalista,Mia Martini,54,1992,Andrea Occhipinti,Teatro Ariston,36,,,
970,1º,Luca Barbarossa,Portami a ballare,1992,L. Barbarossa,1,Vincitore,,,,Pippo Baudo,Teatro Ariston,42,,,
971,2º,Mia Martini,Gli uomini non cambiano,1992,"G. Dati, M. Falagiani e G. Bigazzi",2,Finalista,Mia Martini,54,1992,Pippo Baudo,Teatro Ariston,42,,,
972,3º,Paolo Vallesi,La forza della vita,1992,G. Dati e P. Vallesi,3,Finalista,Paolo Vallesi,44,1992,Pippo Baudo,Teatro Ariston,42,,,
973,4º,Pierangelo Bertoli,Italia d'oro,1992,P. Bertoli e M. Negri,4,Finalista,Pierangelo Bertoli,40,2013,Pippo Baudo,Teatro Ariston,42,,,
974,5º,Massimo Ranieri,Ti penso,1992,F. Berlincioni e S. Amato,5,Finalista,Adriano Celentano,42,2019,Pippo Baudo,Teatro Ariston,42,,,
975,6º,Matia Bazar,Piccoli giganti,1992,"A. Stellita, S. Cossu, C. Marrale e L. Valente",6,Finalista,Radical,29,2019,Pippo Baudo,Teatro Ariston,42,,,
976,7º,Franco Fasano e Flavia Fortunato,Per niente al mondo,1992,G. Fasano e F. Berlincioni,7,Finalista,Pietro Galassi,8,2017,Pippo Baudo,Teatro Ariston,42,,,
977,8º,Tazenda,Pitzinnos in sa gherra,1992,L. Marielli e F. De André,8,Finalista,Tazenda,33,2007,Pippo Baudo,Teatro Ariston,42,,,
978,9º,Fausto Leali,Perché,1992,A. Civai e G. Bigazzi,9,Finalista,Vale Lambo,51,2018,Pippo Baudo,Teatro Ariston,42,,,
979,10º,Riccardo Fogli,In una notte così,1992,G. Morra e M. Fabrizio,10,Finalista,Riccardo Fogli,5,2010,Pippo Baudo,Teatro Ariston,42,,,
980,11º,Michele Zarrillo,Strade di Roma,1992,"V. Incenzo, M. Zarrillo e A. Venditti",11,Finalista,Michele Zarrillo,32,1997,Pippo Baudo,Teatro Ariston,42,,,
981,12º,Mariella Nava,Mendicante,1992,M. G. Nava,12,Finalista,Franco Staco,9,2018,Pippo Baudo,Teatro Ariston,42,,,
982,13º,Drupi,Un uomo in più,1992,Depsa e G. Fasano,13,Finalista,Pino Daniele,21,1991,Pippo Baudo,Teatro Ariston,42,,,
983,14º,Peppino di Capri e Pietra Montecorvino,Favola blues,1992,"F. Berlincioni, M. Di Francia e G. Faiella",14,Finalista,Peppino Di Capri,26,2013,Pippo Baudo,Teatro Ariston,42,,,
984,15º,New Trolls,Quelli come noi,1992,"D. Gori, N. Di Palo, G. Belleno, V. De Scalzi e F. Berlincioni",15,Finalista,Tananai,53,2022,Pippo Baudo,Teatro Ariston,42,,,
985,NF,Ricchi e Poveri,Così lontani,1992,S. Cutugno,,Non Finalista,Giuliano Palma,20,2014,Pippo Baudo,Teatro Ariston,42,,,
986,NF,Scialpi,È una nanna,1992,G. Scialpi,,Non Finalista,Emiliano Toso,27,2021,Pippo Baudo,Teatro Ariston,42,,,
987,NF,Lina Sastri,Femmene 'e mare,1992,R. Giglio e R. Fiorillo,,Non Finalista,Massimo Ranieri,4,2000,Pippo Baudo,Teatro Ariston,42,,,
988,NF,Paolo Mengoli,Io ti darò,1992,"G. Alberghini, P. Mengoli e G. Trombetti",,Non Finalista,Paolo Mengoli,1,2000,Pippo Baudo,Teatro Ariston,42,,,
989,NF,Enzo Ghinazzi,La mia preghiera,1992,E. Ghinazzi,,Non Finalista,Giulia Parisi,28,2017,Pippo Baudo,Teatro Ariston,42,,,
990,NF,Mino Reitano,Ma ti sei chiesto mai,1992,"F. Reitano, B. Reitano, P. Vernola e G. Andreetto",,Non Finalista,GionnyScandal,9,2012,Pippo Baudo,Teatro Ariston,42,,,
991,NF,Nuova Compagnia di Canto Popolare,Pe' dispietto,1992,"C. Sfogli, P. Raffone e C. Faiello",,Non Finalista,Monica Sarnelli,22,2014,Pippo Baudo,Teatro Ariston,42,,,
992,NF,Giorgio Faletti e Orietta Berti,Rumba di tango,1992,G. Faletti,,Non Finalista,Orietta Berti,1,2012,Pippo Baudo,Teatro Ariston,42,,,
993,NF,Formula 3,Un frammento rosa,1992,M. Luca e L. Bevini,,Non Finalista,Riccardo Betto,16,2022,Pippo Baudo,Teatro Ariston,42,,,
994,1º,Enrico Ruggeri,Mistero,1993,E. Ruggeri,1,Vincitore,Enrico Ruggeri,40,1993,Pippo Baudo,Teatro Ariston,42,,,
995,2º,Cristiano De Andrè,Dietro la porta,1993,D. Fossati e C. De Andrè,2,Finalista,Cristiano De André,22,1992,Pippo Baudo,Teatro Ariston,42,,,
996,3º,Rossana Casale e Grazia Di Michele,Gli amori diversi,1993,"R. Casale, G. Restelli e G. Di Michele",3,Finalista,Grazia Di Michele,0,2024,Pippo Baudo,Teatro Ariston,42,,,
997,4º,Matia Bazar,Dedicato a te,1993,"L. Valente, M. Bassi, S. Cossu, A. Stellita e C. Marrale",4,Finalista,Irama,46,2020,Pippo Baudo,Teatro Ariston,42,,,
998,5º,Renato Zero,Ave Maria,1993,R. Fiacchini e R. Serio,5,Finalista,Hannah Holgersson,47,2012,Pippo Baudo,Teatro Ariston,42,,,
999,6º,Mietta e Ragazzi di Via Meda,Figli di chi,1993,"D. Miglietta, A. De Sanctis, G. Isgrò e F. Neviani",6,Finalista,Mietta,0,2024,Pippo Baudo,Teatro Ariston,42,,,
1000,7º,Paola Turci,Stato di calma apparente,1993,P. Turci e G. Chiocchio,7,Finalista,Paola Turci,38,2006,Pippo Baudo,Teatro Ariston,42,,,
1001,8º,Biagio Antonacci,Non so più a chi credere,1993,B. Antonacci,8,Finalista,Biagio Antonacci,24,1993,Pippo Baudo,Teatro Ariston,42,,,
1002,9º,Amedeo Minghi,"Notte bella, magnifica",1993,A. Minghi,9,Finalista,Amedeo Minghi,27,2013,Pippo Baudo,Teatro Ariston,42,,,
1003,10º,Francesca Alotta,Un anno di noi,1993,"G. Bigazzi, M. Falagiani e G. Dati",10,Finalista,Lucio Battisti,27,1977,Pippo Baudo,Teatro Ariston,42,,,
1004,11º,Andrea Mingardi,Sogno,1993,A. Mingardi,11,Finalista,Franco Simone,36,2017,Pippo Baudo,Teatro Ariston,42,,,
1005,12º,Roberto Murolo,L'Italia è bella,1993,C. Faiello,12,Finalista,Aban,25,2008,Pippo Baudo,Teatro Ariston,42,,,
1006,13º,Tullio De Piscopo,Qui gatta ci cova,1993,"M. Capuano, G. Capuano e T. De Piscopo",13,Finalista,Tullio De Piscopo,6,2015,Pippo Baudo,Teatro Ariston,42,,,
1007,14º,Loredana Bertè e Mia Martini,Stiamo come stiamo,1993,M. Piccoli e L. Bertè,14,Finalista,Loredana Bertè,31,2016,Pippo Baudo,Teatro Ariston,42,,,
1008,15º,Nino Buonocore,Una canzone d'amore,1993,M. De Vitis e N. Buonocore,15,Finalista,Vasco Rossi,54,2020,Pippo Baudo,Teatro Ariston,42,,,
1009,NF,Jo Squillo,Balla italiano,1993,G. Coletti,,Non Finalista,Francesco Napoli,46,2008,Pippo Baudo,Teatro Ariston,42,,,
1010,NF,Ladri di Biciclette e Tony Esposito,Cambiamo musica,1993,"A. Esposito, E. Prandi, G. Verdelli e G. Di Franco",,Non Finalista,Tony Esposito,5,2006,Pippo Baudo,Teatro Ariston,42,,,
1011,NF,"Maurizio Vandelli, Dik Dik e Camaleonti",Come passa il tempo,1993,"G. Bigazzi, R. Del Turco e G. Dati",,Non Finalista,I Camaleonti,31,2009,Pippo Baudo,Teatro Ariston,42,,,
1012,NF,Francesco Salvi,Dammi 1 bacio,1993,"F. Salvi, M. Natale e R. Turatti",,Non Finalista,Nomadi,10,2023,Pippo Baudo,Teatro Ariston,42,,,
1013,NF,Peppino Gagliardi,L'alba,1993,S. Cirillo e P. Gagliardi,,Non Finalista,Salmo,52,2016,Pippo Baudo,Teatro Ariston,42,,,
1014,NF,Peppino di Capri,La voce delle stelle,1993,"G. Faiella, M. Di Francia e F. Berlincioni",,Non Finalista,Alessia Munno,4,2015,Pippo Baudo,Teatro Ariston,42,,,
1015,NF,Schola Cantorum,Sulla strada del mare,1993,A. De Sanctis e A. Cheli,,Non Finalista,Schola Cantorum,26,1997,Pippo Baudo,Teatro Ariston,42,,,
1016,NF,Alessandro Canino,Tu tu tu tu,1993,"G. Bigazzi, P. Hollesch, A. Baldinotti e G. Dati",,Non Finalista,Swayam Padhi,34,2023,Pippo Baudo,Teatro Ariston,42,,,
1017,NF,Milva,Uomini addosso,1993,C. F. Facchinetti e V. Negrini,,Non Finalista,Augusta,39,2011,Pippo Baudo,Teatro Ariston,42,,,
1018,1º,Aleandro Baldi,Passerà,1994,"A. Civai, G. Bigazzi e M. Falagiani",1,Vincitore,Nayt,48,2021,Pippo Baudo,Teatro Ariston,38,,,
1019,2º,Giorgio Faletti,Signor tenente,1994,G. Faletti,2,Finalista,Giorgio Faletti,38,1994,Pippo Baudo,Teatro Ariston,38,,,
1020,3º,Laura Pausini,Strani amori,1994,"A. Valsiglio, R. Buti, Cheope, M. Marati e F. Tanini",3,Finalista,Laura Pausini,47,1994,Pippo Baudo,Teatro Ariston,38,,,
1021,4º,Gerardina Trovato,Non è un film,1994,"A. Anastasio, C. Valli e G. Trovato",4,Finalista,Articolo 31,45,2002,Pippo Baudo,Teatro Ariston,38,,,
1022,5º,Michele Zarrillo,Cinque giorni,1994,V. Incenzo e M. Zarrillo,5,Finalista,Michele Zarrillo,56,1994,Pippo Baudo,Teatro Ariston,38,,,
1023,6º,Enzo Jannacci e Paolo Rossi,I soliti accordi,1994,"E. Jannacci, P. Rossi e P. Jannacci",6,Finalista,Enzo Jannacci,30,2011,Pippo Baudo,Teatro Ariston,38,,,
1024,7º,Ivan Graziani,Maledette malelingue,1994,I. Graziani,7,Finalista,Ivan Graziani,40,1989,Pippo Baudo,Teatro Ariston,38,,,
1025,8º,Andrea Mingardi,Amare amare,1994,A. Mingardi e M. Tirelli,8,Finalista,Gigi Finizio,56,2005,Pippo Baudo,Teatro Ariston,38,,,
1026,9º,Marco Armani,Esser duri,1994,M. Armenise e L. Carboni,9,Finalista,Marco Armani,2,1994,Pippo Baudo,Teatro Ariston,38,,,
1027,10º,Donatella Rettore,Di notte specialmente,1994,"Cheope, D. Rettore e C. Rego",10,Finalista,Donatella Rettore,37,1994,Pippo Baudo,Teatro Ariston,38,,,
1028,11º,Mariella Nava,Terra mia,1994,M. G. Nava,11,Finalista,Fabrizio Cesare,8,2021,Pippo Baudo,Teatro Ariston,38,,,
1029,12º,Formula 3,La casa dell'imperatore,1994,T. Cicco e M. Castelnuovo,12,Finalista,Formula 3,6,1996,Pippo Baudo,Teatro Ariston,38,,,
1030,13º,Loredana Bertè,Amici non ne ho,1994,L. Bertè e P. Leon,13,Finalista,Loredana Bertè,33,2016,Pippo Baudo,Teatro Ariston,38,,,
1031,14º,Alessandro Canino,Crescerai,1994,"B. Zucchetti, G. Dati e S. Busà",14,Finalista,Nomadi,30,1992,Pippo Baudo,Teatro Ariston,38,,,
1032,15º,Francesco Salvi,Statento,1994,F. Salvi e V. Cosma,15,Finalista,AP rackchaser,27,2023,Pippo Baudo,Teatro Ariston,38,,,
1033,16º,Alessandro Bono,Oppure no,1994,A. Pizzamiglio,16,Finalista,Patrizia Laquidara,6,2007,Pippo Baudo,Teatro Ariston,38,,,
1034,17º,Claudia Mori,Se mi ami...,1994,T. Cutugno,17,Finalista,MINACELENTANO,35,2016,Pippo Baudo,Teatro Ariston,38,,,
1035,18º,Carlo Marrale,L'ascensore,1994,"C. Marrale, P. Rodenbucher e Cheope",18,Finalista,Adriano Celentano,34,1986,Pippo Baudo,Teatro Ariston,38,,,
1036,19º,Squadra Italia,Una vecchia canzone italiana,1994,S. Jurgens e M. Marrocchi,19,Finalista,Squadra Italia,24,2015,Pippo Baudo,Teatro Ariston,38,,,
1037,20º,Franco Califano,Napoli,1994,"F. Califano, A. Laurenti e A. Gaudino",20,Finalista,Nino D'Angelo,27,2023,Pippo Baudo,Teatro Ariston,38,,,
1038,1º,Giorgia,Come saprei,1995,"G. Todrani, E. Ramazzotti, V. Tosetto e A. Cogliati",1,Vincitore,,,,Pippo Baudo,Teatro Ariston,39,,,
1039,2º,Gianni Morandi e Barbara Cola,In amore,1995,Duchesca e B. Zambrini,2,Finalista,Richard Clayderman,10,2017,Pippo Baudo,Teatro Ariston,39,,,
1040,3º,Ivana Spagna,Gente come noi,1995,"I. Spagna, G. Spagna, F. Zanotti, A. Valsiglio e M. Marati",3,Finalista,Ivana Spagna,41,2007,Pippo Baudo,Teatro Ariston,39,,,
1041,4º,Andrea Bocelli,Con te partirò,1995,L. Quarantotto e F. Sartori,4,Finalista,Andrea Bocelli,50,1995,Pippo Baudo,Teatro Ariston,39,,,
1042,5º,Fiorello,Finalmente tu,1995,M. Pezzali e M. Repetto,5,Finalista,883,54,1998,Pippo Baudo,Teatro Ariston,39,,,
1043,6º,Danilo Amerio,Bisogno d'amore,1995,D. Amerio,6,Finalista,Sud Sound System,33,2010,Pippo Baudo,Teatro Ariston,39,,,
1044,7º,Lighea,Rivoglio la mia vita,1995,"M. Pecora, Zenonazza e T. Montelpare",7,Finalista,Lighea,23,2012,Pippo Baudo,Teatro Ariston,39,,,
1045,8º,883,Senza averti qui,1995,"M. Pezzali, P. P. Peroni e M. Guarniero",8,Finalista,883,45,1995,Pippo Baudo,Teatro Ariston,39,,,
1046,9º,Antonella Arancio,Più di così,1995,"F. Carraresi, F. Migliacci, L. Bechelli e M. Goldsand",9,Finalista,Gemitaiz,40,2020,Pippo Baudo,Teatro Ariston,39,,,
1047,10º,Lorella Cuccarini,Un altro amore no,1995,"V. Incenzo, D. Pinelli e S. Testi",10,Finalista,Lorella Cuccarini,28,1995,Pippo Baudo,Teatro Ariston,39,,,
1048,11º,Mango,Dove vai...,1995,"A. Mango, S. Grandi e G. Mango",11,Finalista,chiello,36,2022,Pippo Baudo,Teatro Ariston,39,,,
1049,12º,Giorgio Faletti,L'assurdo mestiere,1995,G. Faletti,12,Finalista,Giorgio Faletti,14,2012,Pippo Baudo,Teatro Ariston,39,,,
1050,13º,Trio Melody,Ma che ne sai... (...se non hai fatto il piano-bar),1995,C. Mattone,13,Finalista,Gigi Proietti,33,2009,Pippo Baudo,Teatro Ariston,39,,,
1051,14º,Gigliola Cinquetti,Giovane vecchio cuore,1995,G. Faletti,14,Finalista,Gigliola Cinquetti,7,1995,Pippo Baudo,Teatro Ariston,39,,,
1052,15º,Massimo Ranieri,La vestaglia,1995,M. Marrocchi e G. Artegiani,15,Finalista,Massimo Ranieri,25,2000,Pippo Baudo,Teatro Ariston,39,,,
1053,16º,Drupi,Voglio una donna,1995,"T. Cutugno, C. Farina e A. Sanarico",16,Finalista,Roberto Vecchioni,39,1992,Pippo Baudo,Teatro Ariston,39,,,
1054,17º,Toto Cutugno,Voglio andare a vivere in campagna,1995,T. Cutugno,17,Finalista,Frankie Cimino,38,2019,Pippo Baudo,Teatro Ariston,39,,,
1055,18º,Sabina Guzzanti e La Riserva Indiana,Troppo sole,1995,D. Riondino,18,Finalista,Sofia Sole,28,2023,Pippo Baudo,Teatro Ariston,39,,,
1056,19º,Loredana Bertè,ANGELI & angeli,1995,L. Bertè e P. Leon,19,Finalista,Elisa,45,2022,Pippo Baudo,Teatro Ariston,39,,,
1057,20º,Patty Pravo,I giorni dell'armonia,1995,M. Monti e G. Ullu,20,Finalista,Patty Pravo,6,2013,Pippo Baudo,Teatro Ariston,39,,,
1058,NF,Francesca Schiavo,Amore e guerra,1995,S. Cammariere e R. Kunstler,,Non Finalista,Cave,22,2022,Pippo Baudo,Teatro Ariston,39,,,
1059,NF,Valeria Visconti,È con te,1995,C. Marrale,,Non Finalista,Nek,22,2010,Pippo Baudo,Teatro Ariston,39,,,
1060,NF,Giò Di Tonno,Padre e padrone,1995,G. Di Tonno e A. Di Zio,,Non Finalista,Giò Di Tonno,6,1995,Pippo Baudo,Teatro Ariston,39,,,
1061,1º,Ron (con Tosca non accreditata),Vorrei incontrarti fra cent'anni,1996,R. Cellamare,1,Vincitore,,,,Pippo Baudo,Teatro Ariston,37,,,
1062,2º,Elio e le Storie Tese,La terra dei cachi,1996,"D. Civaschi, S. Belisari, S. Conforti e N. Fasani",2,Finalista,Elio e le Storie Tese,44,1997,Pippo Baudo,Teatro Ariston,37,,,
1063,3º,Giorgia,Strano il mio destino,1996,G. Todrani e M. Fabrizio,3,Finalista,Giorgia,36,2002,Pippo Baudo,Teatro Ariston,37,,,
1064,4º,Ivana Spagna,E io penso a te,1996,I. Spagna e G. Spagna,4,Finalista,Ivana Spagna,30,1996,Pippo Baudo,Teatro Ariston,37,,,
1065,5º,Neri per Caso,Mai più sola,1996,C. Mattone,5,Finalista,Neri Per Caso,32,2009,Pippo Baudo,Teatro Ariston,37,,,
1066,6º,Massimo Di Cataldo,Se adesso te ne vai,1996,M. Di Cataldo e B. Laurenti,6,Finalista,Massimo Di Cataldo,45,2001,Pippo Baudo,Teatro Ariston,37,,,
1067,7º,Al Bano,È la mia vita,1996,P. Marino e M. Fabrizio,7,Finalista,Ligabue,56,2002,Pippo Baudo,Teatro Ariston,37,,,
1068,8º,Aleandro Baldi e Marco Guerzoni,Soli al bar,1996,"F. Palmieri, G. Bigazzi e A. Civai",8,Finalista,George Frideric Handel,7,2024,Pippo Baudo,Teatro Ariston,37,,,
1069,9º,Amedeo Minghi,Cantare è d'amore,1996,A. Minghi e P. Panella,9,Finalista,Amedeo Minghi,50,2013,Pippo Baudo,Teatro Ariston,37,,,
1070,10º,Paola Turci,Volo così,1996,P. Turci e R. Casini,10,Finalista,Paola Turci,17,2003,Pippo Baudo,Teatro Ariston,37,,,
1071,11º,Michele Zarrillo,L'elefante e la farfalla,1996,V. Incenzo e M. Zarrillo,11,Finalista,Michele Zarrillo,46,1996,Pippo Baudo,Teatro Ariston,37,,,
1072,12º,Luca Barbarossa,Il ragazzo con la chitarra,1996,L. Barbarossa,12,Finalista,Luca Barbarossa,2,1997,Pippo Baudo,Teatro Ariston,37,,,
1073,13º,Federico Salvatore,Sulla porta,1996,"F. Salvatore, G. Bigazzi e G. Dati",13,Finalista,4Tu,16,2020,Pippo Baudo,Teatro Ariston,37,,,
1074,14º,Rossella Marcone,Una vita migliore,1996,"P. Cremonesi, F. Cavalli e A. Valsiglio",14,Finalista,Metal Carter,6,2016,Pippo Baudo,Teatro Ariston,37,,,
1075,15º,Enrico Ruggeri,L'amore è un attimo,1996,L. Schiavone e E. Ruggeri,15,Finalista,Massimo Ranieri,23,2016,Pippo Baudo,Teatro Ariston,37,,,
1076,16º,Raffaella Cavalli,Sarò,1996,"Depsa, F. Zanotti e A. Valsiglio",16,Finalista,Modà,42,2008,Pippo Baudo,Teatro Ariston,37,,,
1077,17º,Gigi Finizio,Solo lei,1996,L. Finizio e A. Annona,17,Finalista,Gigi Finizio,14,2017,Pippo Baudo,Teatro Ariston,37,,,
1078,18º,Paolo Vallesi,Non andare via,1996,G. Dati e P. Vallesi,18,Finalista,Sam e il Meteorino,33,2023,Pippo Baudo,Teatro Ariston,37,,,
1079,19º,Riccardo Fogli,Romanzo,1996,G. Morra e M. Fabrizio,19,Finalista,Emis Killa,31,2010,Pippo Baudo,Teatro Ariston,37,,,
1080,20º,Umberto Bindi e New Trolls,Letti,1996,U. Bindi e R. Fiacchini,20,Finalista,Maurizio Filardo,1,2017,Pippo Baudo,Teatro Ariston,37,,,
1081,NF,Dhamm,Ama,1996,"D. Benedetti, A. Ventura, M. Munzi e M. Conti",,Non Finalista,Gianna Nannini,53,2015,Pippo Baudo,Teatro Ariston,37,,,
1082,NF,Mara,Non è amore,1996,D. Poggiolini e F. Puccioni,,Non Finalista,Mango,29,2002,Pippo Baudo,Teatro Ariston,37,,,
1083,NF,Fedele Boccassini,Non scherzare dai,1996,"L. Angelosanti, F. Zanotti, M. Remigi, F. Boccassini e F. Morettini",,Non Finalista,NASKA,55,2022,Pippo Baudo,Teatro Ariston,37,,,
1084,1º,Jalisse,Fiumi di parole,1997,"C. Di Domenico, A. Drusian e F. Ricci",1,Vincitore,,,,Mike Bongiorno,Teatro Ariston,41,,,
1085,2º,Anna Oxa,Storie,1997,"Depsa, M. Marati, S. Monetti, A. Valsiglio e F. Zanotti",2,Finalista,Jesto,48,2018,Mike Bongiorno,Teatro Ariston,41,,,
1086,3º,Syria,Sei tu,1997,C. Mattone e A. Salerno,3,Finalista,Andrew Underberg,61,2024,Mike Bongiorno,Teatro Ariston,41,,,
1087,4º,Silvia Salemi,A casa di Luca,1997,G. Artegiani,4,Finalista,Silvia Salemi,45,2015,Mike Bongiorno,Teatro Ariston,41,,,
1088,5º,Fausto Leali,Non ami che te,1997,R. Pacco,5,Finalista,Fausto Leali,11,2010,Mike Bongiorno,Teatro Ariston,41,,,
1089,6º,O.R.O.,Padre Nostro,1997,E. Ruggeri e M. Manzani,6,Finalista,Artie 5ive,52,2023,Mike Bongiorno,Teatro Ariston,41,,,
1090,7º,Nek,Laura non c'è,1997,"A. De Sanctis, F. Neviani e M. Varini",7,Finalista,Nek,61,1997,Mike Bongiorno,Teatro Ariston,41,,,
1091,8º,Patty Pravo,...e dimmi che non vuoi morire,1997,"V. Rossi, G. Curreri e R. Ferri",8,Finalista,Patty Pravo,49,2001,Mike Bongiorno,Teatro Ariston,41,,,
1092,9º,Massimo Ranieri,Ti parlerò d'amore,1997,G. Togni e G. Morra,9,Finalista,Massimo Ranieri,26,1997,Mike Bongiorno,Teatro Ariston,41,,,
1093,10º,Tosca,Nel respiro più grande,1997,S. Tamaro e R. Cellamare,10,Finalista,Tosca,7,1997,Mike Bongiorno,Teatro Ariston,41,,,
1094,11º,Francesco Baccini,Senza tù,1997,G. Conte e F. Baccini,11,Finalista,Francesco Baccini,0,2024,Mike Bongiorno,Teatro Ariston,41,,,
1095,12º,Dirotta su Cuba,È andata così,1997,"Cheope, S. De Donato, P. D'Emilio, R. Gentili, S. Bencini e A. Ravasini",12,Finalista,Aiden,39,2020,Mike Bongiorno,Teatro Ariston,41,,,
1096,13º,Marina Rei,Dentro me,1997,M. Rei e F. Minoia,13,Finalista,J-AX,25,2011,Mike Bongiorno,Teatro Ariston,41,,,
1097,14º,Al Bano,Verso il sole,1997,V. Cidda e A. Carrisi,14,Finalista,The Dining Rooms,26,2001,Mike Bongiorno,Teatro Ariston,41,,,
1098,15º,Cattivi Pensieri,Quello che sento,1997,"C. Farolfi, D. De Marinis, D. Bosio e N. Fragile",15,Finalista,Carmen Consoli,28,1996,Mike Bongiorno,Teatro Ariston,41,,,
1099,16º,Pitura Freska,Papa nero,1997,"M. F. Forieri, S. O. Skardy, V. Silvestri, C. Verardo e F. Duse",16,Finalista,Pitura Freska,8,2012,Mike Bongiorno,Teatro Ariston,41,,,
1100,17º,Toto Cutugno,Faccia pulita,1997,S. Cutugno,17,Finalista,Claudio Baglioni,30,1972,Mike Bongiorno,Teatro Ariston,41,,,
1101,18º,Ragazzi Italiani,Vero amore,1997,"A. Galbiati, C. Palmas e M. G. Fontana",18,Finalista,HINOA,1,2023,Mike Bongiorno,Teatro Ariston,41,,,
1102,19º,New Trolls e Greta,Alianti liberi,1997,"E. Palumbo, M. Cattapani, V. De Scalzi, N. Di Palo e G. Labate",19,Finalista,Greta,4,2010,Mike Bongiorno,Teatro Ariston,41,,,
1103,20º,Loredana Bertè,Luna,1997,L. Bertè e M. Piccoli,20,Finalista,Feid,97,2023,Mike Bongiorno,Teatro Ariston,41,,,
1104,NF,Alessandro Mara,Attimi,1997,A. Maraniello,,Non Finalista,Franco Califano,28,2008,Mike Bongiorno,Teatro Ariston,41,,,
1105,NF,Camilla,Come ti tradirei,1997,F. Casalino e M. Violante,,Non Finalista,thasup,49,2022,Mike Bongiorno,Teatro Ariston,41,,,
1106,NF,Carmen Consoli,Confusa e felice,1997,C. Consoli,,Non Finalista,Carmen Consoli,34,1997,Mike Bongiorno,Teatro Ariston,41,,,
1107,NF,Alessandro Errico,E penserò al tuo viso...,1997,"A. Errico, A. Campisano e R. Gori",,Non Finalista,Alessandro Errico,5,1997,Mike Bongiorno,Teatro Ariston,41,,,
1108,NF,Leandro Barsotti,Fragolina,1997,L. Barsotti,,Non Finalista,Dani Mocanu,42,2020,Mike Bongiorno,Teatro Ariston,41,,,
1109,NF,Maurizio Lauzi,Il capo dei giocattoli,1997,M. Lauzi,,Non Finalista,Coro I Piccoli Cantori di Milano,40,2014,Mike Bongiorno,Teatro Ariston,41,,,
1110,NF,Olivia,Quando viene sera,1997,S. Borzi e A. Zelli,,Non Finalista,Riccardo Achille Ronzani,2,2024,Mike Bongiorno,Teatro Ariston,41,,,
1111,NF,Adriana Ruocco,Uguali uguali,1997,"F. Migliacci, E. Migliacci e R. Zappalorto",,Non Finalista,Luchè,56,2023,Mike Bongiorno,Teatro Ariston,41,,,
1112,NF,Petra Magoni,Voglio un dio,1997,R. Banchelli,,Non Finalista,Dionira,0,2014,Mike Bongiorno,Teatro Ariston,41,,,
1113,1º,Annalisa Minetti,Senza te o con te,1998,M. Luca e P. Palma,1,Vincitore,,,,Raimondo Vianello,Teatro Ariston,28,,,
1114,2º,Antonella Ruggiero,Amore lontanissimo,1998,A. Ruggiero e R. Colombo,2,Finalista,Antonella Ruggiero,25,1997,Raimondo Vianello,Teatro Ariston,28,,,
1115,3º,Lisa,Sempre,1998,G. Morra e M. Fabrizio,3,Finalista,Carl Brave x Franco126,66,2018,Raimondo Vianello,Teatro Ariston,28,,,
1116,4º,Paola Turci,Solo come me,1998,R. Casini e P. Turci,4,Finalista,Solo Compas,19,1999,Raimondo Vianello,Teatro Ariston,28,,,
1117,5º,Silvia Salemi,Pathos,1998,S. Salemi e G. Artegiani,5,Finalista,James Heather,44,2017,Raimondo Vianello,Teatro Ariston,28,,,
1118,6º,Mango e Zenîma,Luce,1998,"A. Salerno, G. Mango e A. Mango",6,Finalista,Elisa,52,2001,Raimondo Vianello,Teatro Ariston,28,,,
1119,7º,Luca Sepe,Un po' di te,1998,"L. Sepe, M. Schembri, F. Leali e E. Malepasso",7,Finalista,Alex Wyse,59,2023,Raimondo Vianello,Teatro Ariston,28,,,
1120,8º,Niccolò Fabi,Lasciarsi un giorno a Roma,1998,"N. Fabi, R. Sinigallia, C. Dazzi e D. Sinigallia",8,Finalista,Niccolò Fabi,47,1998,Raimondo Vianello,Teatro Ariston,28,,,
1121,9º,Ron,Un porto nel vento,1998,"G. Zagni, Ron e F. Coppini",9,Finalista,Ron,3,1998,Raimondo Vianello,Teatro Ariston,28,,,
1122,10º,Andrea Mingardi,Canto per te,1998,A. Mingardi e M. Tirelli,10,Finalista,DJ Herzbeat,37,2020,Raimondo Vianello,Teatro Ariston,28,,,
1123,11º,Alex Baroni,Sei tu o lei (Quello che voglio),1998,"A. Baroni, P. Calabrese, M. Calabrese, M. D'Angelo e M. Rinalduzzi",11,Finalista,Alex Baroni,35,1998,Raimondo Vianello,Teatro Ariston,28,,,
1124,12º,Spagna,E che mai sarà,1998,I. Spagna e G. Spagna,12,Finalista,Ivana Spagna,16,2004,Raimondo Vianello,Teatro Ariston,28,,,
1125,13º,Piccola Orchestra Avion Travel,Dormi e sogna,1998,"G. Servillo, D. Ciaramella, M. Tronco, G. D'Argenzio, F. Mesolella e F. Spinetti",13,Finalista,Avion Travel,25,1997,Raimondo Vianello,Teatro Ariston,28,,,
1126,14º,Sergio Caputo,Flamingo,1998,S. Caputo,14,Finalista,Kenshi Yonezu,64,2020,Raimondo Vianello,Teatro Ariston,28,,,
1127,15º,Nuova Compagnia di Canto Popolare,Sotto il velo del cielo,1998,C. Sfogli e C. Faiello,15,Finalista,Nuova Compagnia Di Canto Popolare,9,2004,Raimondo Vianello,Teatro Ariston,28,,,
1128,16º,Paola & Chiara,Per te,1998,P. Iezzi e C. Iezzi,16,Finalista,Jovanotti,53,1999,Raimondo Vianello,Teatro Ariston,28,,,
1129,17º,Enzo Jannacci,Quando un musicista ride,1998,E. Jannacci,17,Finalista,Enzo Jannacci,24,2013,Raimondo Vianello,Teatro Ariston,28,,,
1130,1º,Anna Oxa,Senza pietà,1999,C. Guidetti e A. Salerno,1,Vincitore,,,,Fabio Fazio,Teatro Ariston,28,,,
1131,2º,Antonella Ruggiero,Non ti dimentico (Se non ci fossero le nuvole),1999,"R. Colombo, A. Ruggiero e Kaballà",2,Finalista,Gemitaiz,62,2023,Fabio Fazio,Teatro Ariston,28,,,
1132,3º,Mariella Nava,Così è la vita,1999,M. Nava,3,Finalista,,,,Fabio Fazio,Teatro Ariston,28,,,
1133,4º,Enzo Gragnaniello con Ornella Vanoni,Alberi,1999,E. Gragnaniello,4,Finalista,Ornella Vanoni,30,2019,Fabio Fazio,Teatro Ariston,28,,,
1134,5º,Stadio,Lo zaino,1999,V. Rossi e G. Curreri,5,Finalista,Enrico Brizzi,0,2006,Fabio Fazio,Teatro Ariston,28,,,
1135,6º,Al Bano,Ancora in volo,1999,"P. Marcucci, A. Carrisi e M. Bizzarri",6,Finalista,Rabbiosa,1,2024,Fabio Fazio,Teatro Ariston,28,,,
1136,7º,Marina Rei,Un inverno da baciare,1999,M. Rei e D. Pinelli,7,Finalista,Marina Rei,21,2008,Fabio Fazio,Teatro Ariston,28,,,
1137,8º,Nino D'Angelo,Senza giacca e cravatta,1999,N. D'Angelo e C. Tortora,8,Finalista,Nino D'Angelo,50,1999,Fabio Fazio,Teatro Ariston,28,,,
1138,9º,Daniele Silvestri,Aria,1999,D. Silvestri,9,Finalista,Argy,75,2023,Fabio Fazio,Teatro Ariston,28,,,
1139,10º,Nada,Guardami negli occhi,1999,N. Malanima,10,Finalista,Nada,31,2008,Fabio Fazio,Teatro Ariston,28,,,
1140,11º,Eugenio Finardi,Amami Lara,1999,"E. Finardi, F. Consoli e E. Bechis",11,Finalista,Eugenio Finardi,6,1998,Fabio Fazio,Teatro Ariston,28,,,
1141,12º,Gatto Panceri,Dove dov'è,1999,G. Panceri,12,Finalista,Claudio Baglioni,27,1990,Fabio Fazio,Teatro Ariston,28,,,
1142,13º,Gianluca Grignani,Il giorno perfetto,1999,G. Grignani,13,Finalista,Gianluca Grignani,27,1999,Fabio Fazio,Teatro Ariston,28,,,
1143,14º,Massimo Di Cataldo,Come sei bella,1999,M. Di Cataldo,14,Finalista,Massimo Di Cataldo,33,2001,Fabio Fazio,Teatro Ariston,28,,,
1144,1º,Piccola Orchestra Avion Travel,Sentimento,2000,"D. Ciaramella, G. D'Argenzio, F. Mesolella, F. Spinetti, M. Tronco e G. Servillo",1,Vincitore,,,,Fabio Fazio,Teatro Ariston,34,,,
1145,2º,Irene Grandi,La tua ragazza sempre,2000,V. Rossi e G. Curreri,2,Finalista,Irene Grandi,45,2001,Fabio Fazio,Teatro Ariston,34,,,
1146,3º,Gianni Morandi,Innamorato,2000,"E. Ramazzotti, C. Guidetti e A. Cogliati",3,Finalista,BLANCO,58,2023,Fabio Fazio,Teatro Ariston,34,,,
1147,4º,Max Gazzè,Il timido ubriaco,2000,M. Gazzè e F. Gazzè,4,Finalista,Max Gazzè,42,2000,Fabio Fazio,Teatro Ariston,34,,,
1148,5º,Samuele Bersani,Replay,2000,S. Bersani e G. D'Onghia,5,Finalista,Iyaz,80,2009,Fabio Fazio,Teatro Ariston,34,,,
1149,6º,Gerardina Trovato,Gechi e vampiri,2000,G. Trovato e T. Sinatra,6,Finalista,Gerardina Trovato,39,2014,Fabio Fazio,Teatro Ariston,34,,,
1150,7º,Carmen Consoli,In bianco e nero,2000,C. Consoli,7,Finalista,Carmen Consoli,35,2000,Fabio Fazio,Teatro Ariston,34,,,
1151,8º,Matia Bazar,Brivido caldo,2000,G. Golzi e P. Cassano,8,Finalista,Matia Bazar,29,2000,Fabio Fazio,Teatro Ariston,34,,,
1152,9º,Alice,Il giorno dell'indipendenza,2000,J. Camisasca,9,Finalista,Alice,5,2000,Fabio Fazio,Teatro Ariston,34,,,
1153,10º,Gigi D'Alessio,Non dirgli mai,2000,V. D'Agostino e L. D'Alessio,10,Finalista,Gigi D'Alessio,57,1999,Fabio Fazio,Teatro Ariston,34,,,
1154,11º,Subsonica,Tutti i miei sbagli,2000,"M. Casacci, D. Dileo e S. U. Romano",11,Finalista,Subsonica,53,2000,Fabio Fazio,Teatro Ariston,34,,,
1155,12º,Ivana Spagna,Con il tuo nome,2000,"I. Spagna, C. Tarantola e G. Spagna",12,Finalista,Ripe,12,2024,Fabio Fazio,Teatro Ariston,34,,,
1156,13º,Mietta,Fare l'amore,2000,G. Mango e A. Mango,13,Finalista,Mietta,34,2000,Fabio Fazio,Teatro Ariston,34,,,
1157,14º,Mariella Nava e Amedeo Minghi,Futuro come te,2000,M. G. Nava e A. Minghi,14,Finalista,Amedeo Minghi,22,2014,Fabio Fazio,Teatro Ariston,34,,,
1158,15º,Marco Masini,Raccontami di te,2000,M. Masini e G. Dati,15,Finalista,Marco Masini,36,2000,Fabio Fazio,Teatro Ariston,34,,,
1159,16º,Umberto Tozzi,Un'altra vita,2000,U. Tozzi,16,Finalista,Elodie,38,2016,Fabio Fazio,Teatro Ariston,34,,,
1160,1º,Elisa,Luce (tramonti a nord est),2001,E. Toffoli e A. Fornaciari,1,Vincitore,,,,Raffaella Carrà,Teatro Ariston,32,,,
1161,2º,Giorgia,Di sole e d'azzurro,2001,"A. Fornaciari, M. Saggese e M. Vergnaghi",2,Finalista,Giorgia,51,2001,Raffaella Carrà,Teatro Ariston,32,,,
1162,3º,Matia Bazar,Questa nostra grande storia d'amore,2001,G. Golzi e P. Cassano,3,Finalista,Matia Bazar,19,2015,Raffaella Carrà,Teatro Ariston,32,,,
1163,4º,Michele Zarrillo,L'acrobata,2001,V. Incenzo e M. Zarrillo,4,Finalista,Michele Zarrillo,36,2001,Raffaella Carrà,Teatro Ariston,32,,,
1164,5º,Paola Turci,Saluto l'inverno,2001,P. Turci e C. Consoli,5,Finalista,Paola Turci,25,2007,Raffaella Carrà,Teatro Ariston,32,,,
1165,6º,Jenny B,Anche tu,2001,G. Golzi e P. Cassano,6,Finalista,Raf,39,1991,Raffaella Carrà,Teatro Ariston,32,,,
1166,7º,Alex Britti,Sono contento,2001,A. Britti,7,Finalista,Alex Britti,26,2000,Raffaella Carrà,Teatro Ariston,32,,,
1167,8º,Gigi D'Alessio,Tu che ne sai,2001,V. D'Agostino e L. D'Alessio,8,Finalista,Gigi D'Alessio,44,2017,Raffaella Carrà,Teatro Ariston,32,,,
1168,9º,Fabio Concato,Ciao Ninìn,2001,F. Concato,9,Finalista,Fabio Concato,22,2001,Raffaella Carrà,Teatro Ariston,32,,,
1169,10º,Anna Oxa,L'eterno movimento,2001,G. Fulcheri e Laurex,10,Finalista,Alta Marea,0,2010,Raffaella Carrà,Teatro Ariston,32,,,
1170,11º,Peppino di Capri,Pioverà (Habibi ené),2001,"F. Del Prete, Dicapri e M. Vitale",11,Finalista,Ricky Rich,73,2021,Raffaella Carrà,Teatro Ariston,32,,,
1171,12º,Gianni Bella,Il profumo del mare,2001,G. Bella e Mogol,12,Finalista,Sam e il Meteorino,26,2023,Raffaella Carrà,Teatro Ariston,32,,,
1172,13º,Syria,Fantasticamenteamore,2001,B. Antonacci e S. Lanza,13,Finalista,Syria,17,2000,Raffaella Carrà,Teatro Ariston,32,,,
1173,14º,Sottotono,Mezze verità,2001,M. Cellamaro e M. Dagani,14,Finalista,Sottotono,27,2016,Raffaella Carrà,Teatro Ariston,32,,,
1174,15º,Quintorigo,Bentivoglio Angelina (Kon tutto il mio amaro),2001,"M. De Leonardis, V. Bianchi, A. Costa, G. Costa, S. Ricci, M. Montanari e G. Facchini",15,Finalista,Quintorigo,22,2001,Raffaella Carrà,Teatro Ariston,32,,,
1175,16º,Bluvertigo,L'assenzio (The Power of Nothing),2001,M. Castoldi e L. Urbani,16,Finalista,Bluvertigo,35,2001,Raffaella Carrà,Teatro Ariston,32,,,
1176,1º,Matia Bazar,Messaggio d'amore,2002,G. Golzi e P. Cassano,1,Vincitore,,,,Pippo Baudo,Teatro Ariston,36,,,
1177,2º,Alexia,Dimmi come...,2002,A. Aquilani e M. Marcolini,2,Finalista,Alexia,35,2002,Pippo Baudo,Teatro Ariston,36,,,
1178,3º,Gino Paoli,Un altro amore,2002,G. Paoli,3,Finalista,Gino Paoli,32,2018,Pippo Baudo,Teatro Ariston,36,,,
1179,4º,Fausto Leali e Luisa Corna,Ora che ho bisogno di te,2002,"F. Berlincioni, F. Leali e V. Tosetto",4,Finalista,"Fausto Leali, Luisa Corna",19,2013,Pippo Baudo,Teatro Ariston,36,,,
1180,5º,Enrico Ruggeri,Primavera a Sarajevo,2002,E. Ruggeri e R. Mogliotti,5,Finalista,Andrea Mirò,12,2023,Pippo Baudo,Teatro Ariston,36,,,
1181,6º,Mariella Nava,Il cuore mio,2002,M. G. Nava,6,Finalista,Mariella Nava,22,2017,Pippo Baudo,Teatro Ariston,36,,,
1182,7º,Filippa Giordano,Amarti sì,2002,L. Quarantotto e A. Napoletano,7,Finalista,JR,46,2015,Pippo Baudo,Teatro Ariston,36,,,
1183,8º,Francesco Renga,Tracce di te,2002,P. Renga,8,Finalista,Luigi Strangis,40,2022,Pippo Baudo,Teatro Ariston,36,,,
1184,9º,Fiordaliso,Accidenti a te,2002,G. Bigazzi e M. Falagiani,9,Finalista,Franco126,34,2021,Pippo Baudo,Teatro Ariston,36,,,
1185,10º,Gazosa,Ogni giorno di più,2002,"M. Z. Granieri, R. Siani e S. Sichel",10,Finalista,Gianluca Capozzi,24,2000,Pippo Baudo,Teatro Ariston,36,,,
1186,11º,Michele Zarrillo,Gli angeli,2002,"V. Incenzo, M. Zarrillo e R. Amici",11,Finalista,Vasco Rossi,53,1996,Pippo Baudo,Teatro Ariston,36,,,
1187,12º,Gianluca Grignani,Lacrime dalla Luna,2002,G. Grignani,12,Finalista,Gianluca Grignani,32,2002,Pippo Baudo,Teatro Ariston,36,,,
1188,13º,Alessandro Safina,Del perduto amore,2002,G. Morra e M. Fabrizio,13,Finalista,Fabrizio De André,50,2000,Pippo Baudo,Teatro Ariston,36,,,
1189,14º,Daniele Silvestri,Salirò,2002,D. Silvestri,14,Finalista,Daniele Silvestri,56,2002,Pippo Baudo,Teatro Ariston,36,,,
1190,15º,Nino D'Angelo,Marì,2002,"N. D'Angelo, N. Tortora e P. Leon",15,Finalista,Nino D'Angelo,33,2010,Pippo Baudo,Teatro Ariston,36,,,
1191,16º,Patty Pravo,L'immenso,2002,"F. Carraresi, L. Tempestini e R. Pacco",16,Finalista,Amedeo Minghi,31,2016,Pippo Baudo,Teatro Ariston,36,,,
1192,17º,Loredana Bertè,Dimmi che mi ami,2002,"D. Latino, N. Tortora e P. Leon",17,Finalista,Nada,34,1998,Pippo Baudo,Teatro Ariston,36,,,
1193,18º,Mino Reitano,La mia canzone,2002,"P. Panella, A. Paoletti e M. Reitano",18,Finalista,Alex Wyse,63,2023,Pippo Baudo,Teatro Ariston,36,,,
1194,19º,Lollipop,Batte forte,2002,"L. Rana, G. Giorgilli e A. Blescia",19,Finalista,Lollipop,27,2002,Pippo Baudo,Teatro Ariston,36,,,
1195,20º,Timoria,Casa mia,2002,O. Pedrini,20,Finalista,Noyz Narcos,53,2018,Pippo Baudo,Teatro Ariston,36,,,
1196,1º,Alexia,Per dire di no,2003,A. Salerno e Alexia,1,Vincitore,,,,Pippo Baudo,Teatro Ariston,36,,,
1197,2º,Alex Britti,7000 caffè,2003,A. Britti,2,Finalista,Alex Britti,46,2003,Pippo Baudo,Teatro Ariston,36,,,
1198,3º,Sergio Cammariere,Tutto quello che un uomo,2003,R. Kunstler e S. Cammariere,3,Finalista,Sergio Cammariere,52,2002,Pippo Baudo,Teatro Ariston,36,,,
1199,4º,Enrico Ruggeri e Andrea Mirò,Nessuno tocchi Caino,2003,E. Ruggeri e A. Mirò,4,Finalista,Andrea Mirò,24,2023,Pippo Baudo,Teatro Ariston,36,,,
1200,5º,Syria,L'amore è,2003,Jovanotti,5,Finalista,Marco Mengoni,47,2019,Pippo Baudo,Teatro Ariston,36,,,
1201,6º,Lisa,Oceano,2003,"M. Malavasi, Leozed e A. Sandri",6,Finalista,Ana Nóbrega,62,2015,Pippo Baudo,Teatro Ariston,36,,,
1202,7º,Giuni Russo,Morirò d'amore,2003,"G. Russo, V. Magelli e M. A. Sisini",7,Finalista,Jovanotti,31,2002,Pippo Baudo,Teatro Ariston,36,,,
1203,8º,Silvia Salemi,Nel cuore delle donne,2003,G. Artegiani e S. Salemi,8,Finalista,Silvia Salemi,12,2003,Pippo Baudo,Teatro Ariston,36,,,
1204,9º,Antonella Ruggiero,Di un amore,2003,A. Ruggiero e A. Volpe,9,Finalista,Alex Baroni,46,2002,Pippo Baudo,Teatro Ariston,36,,,
1205,10º,Luca Barbarossa,Fortuna,2003,L. Barbarossa,10,Finalista,Creedence Clearwater Revival,88,1969,Pippo Baudo,Teatro Ariston,36,,,
1206,11º,Nino D'Angelo,'A storia 'e nisciuno,2003,N. D'Angelo e N. Tortora,11,Finalista,Nino D'Angelo,37,2010,Pippo Baudo,Teatro Ariston,36,,,
1207,12º,Cristiano De André,Un giorno nuovo,2003,"C. De André, O. Malaspina, M. Talamo, S. Melone e D. Fossati",12,Finalista,Sick Tamburo,38,2017,Pippo Baudo,Teatro Ariston,36,,,
1208,13º,Fausto Leali,Eri tu,2003,F. Leali e G. Panceri,13,Finalista,Filippo Malatesta,25,2020,Pippo Baudo,Teatro Ariston,36,,,
1209,14º,Anna Oxa,Cambierò,2003,"M. Falagiani, M. Carnesecchi e A. Oxa",14,Finalista,Rosario Miraggio,14,2010,Pippo Baudo,Teatro Ariston,36,,,
1210,15º,Eiffel 65,Quelli che non hanno età,2003,"D. Capuano, M. Lobina, G. Ponte, G. Randone e G. Colla",15,Finalista,Eiffel 65,42,2005,Pippo Baudo,Teatro Ariston,36,,,
1211,16º,Bobby Solo e Little Tony,Non si cresce mai,2003,"G. Bigazzi, G. Gastaldo e R. Satti",16,Finalista,Little Tony,28,2012,Pippo Baudo,Teatro Ariston,36,,,
1212,17º,Anna Tatangelo e Federico Stragà,Volere volare,2003,Bungaro e C. Passavanti,17,Finalista,AGIEMME,21,1981,Pippo Baudo,Teatro Ariston,36,,,
1213,18º,Negrita,Tonight,2003,"F. Barbacci, P. Bruni, F. Li Causi, C. Petricich e E. Salvi",18,Finalista,John Legend,64,2012,Pippo Baudo,Teatro Ariston,36,,,
1214,19º,Amedeo Minghi,Sarà una canzone,2003,A. Minghi,19,Finalista,Amedeo Minghi,29,2013,Pippo Baudo,Teatro Ariston,36,,,
1215,20º,Iva Zanicchi,Fossi un tango,2003,L. Lana e A. Donati,20,Finalista,Iva Zanicchi,11,2003,Pippo Baudo,Teatro Ariston,36,,,
1216,1º,Marco Masini,L'uomo volante,2004,"M. Masini, G. Dati e G. Orlandi",1,Vincitore,,,,Simona Ventura,Teatro Ariston,22,,,
1217,2º,Mario Rosini,Sei la vita mia,2004,"L. Leone, L. Patruno, C. Noto, L. Rana e G. Giorgilli",2,Finalista,Natale Galletta,28,2010,Simona Ventura,Teatro Ariston,22,,,
1218,3º,Linda,"Aria, sole, terra e mare",2004,"L. Valori, L. Bruti, M. Di Paolo, D. De Santis",3,Finalista,Linda Valori,12,2005,Simona Ventura,Teatro Ariston,22,,,
1219,4º,Paolo Meneguzzi,Guardami negli occhi (prego),2004,"P. Meneguzzo, R. Di Bella, L. Mattioni e D. Melotti",4,Finalista,Paolo Meneguzzi,27,1990,Simona Ventura,Teatro Ariston,22,,,
1220,5º,Bungaro,Guardastelle,2004,G. Romanelli e Antonio Calò,5,Finalista,Bungaro,33,2004,Simona Ventura,Teatro Ariston,22,,,
1221,6º,Massimo Modugno e Gipsy Kings,Quando l'aria mi sfiora,2004,Mogol e G. Bella,6,Finalista,Alta Marea,0,2010,Simona Ventura,Teatro Ariston,22,,,
1222,7º,Stefano Picchi,Generale Kamikaze,2004,S. Picchi,7,Finalista,Stefano Picchi,11,2005,Simona Ventura,Teatro Ariston,22,,,
1223,8º,Morris Albert e Mietta,Cuore,2004,S. Dall'Ora e S. Boffa,8,Finalista,Noisys,54,2020,Simona Ventura,Teatro Ariston,22,,,
1224,9º,Neffa,Le ore piccole,2004,G. Pellino,9,Finalista,Neffa,43,2004,Simona Ventura,Teatro Ariston,22,,,
1225,10º,Mario Venuti,Crudele,2004,M. Venuti e Kaballà,10,Finalista,Mario Venuti,41,2003,Simona Ventura,Teatro Ariston,22,,,
1226,11º,DJ Francesco,Era bellissimo,2004,"F. Facchinetti, S. Lucato, D. Primiceri e A. Rapetti",11,Finalista,DJ Francesco,23,2015,Simona Ventura,Teatro Ariston,22,,,
1227,12º,Simone Tomassini,È stato tanto tempo fa,2004,S. Tomassini,12,Finalista,Simone Tomassini,32,2004,Simona Ventura,Teatro Ariston,22,,,
1228,13º,DB Boulevard e Bill Wyman,Basterà,2004,"A. Ventura, R. Palù e D. Benedetti",13,Finalista,Marta Falcone,2,2021,Simona Ventura,Teatro Ariston,22,,,
1229,14º,Andrea Mingardi e The Blues Brothers Band,È la musica,2004,A. Mingardi e M. Tirelli,14,Finalista,Eduardo De Crescenzo,32,1990,Simona Ventura,Teatro Ariston,22,,,
1230,15º,Omar Pedrini,Lavoro inutile,2004,O. Pedrini,15,Finalista,Omar Pedrini,11,2016,Simona Ventura,Teatro Ariston,22,,,
1231,16º,Daniele Groff,Sei un miracolo,2004,D. Groff e M. Patrignani,16,Finalista,Daniele Groff,34,2004,Simona Ventura,Teatro Ariston,22,,,
1232,17º,Adriano Pappalardo,Nessun consiglio,2004,"R. Scarpetta, A. Pappalardo, L. Chiaravalli e G. Moretti",17,Finalista,Alta Marea,0,2010,Simona Ventura,Teatro Ariston,22,,,
1233,18º,Veruska,Un angelo legato a un palo,2004,"Mogol, G. Bella e R. Bella",18,Finalista,Alta Marea,0,2010,Simona Ventura,Teatro Ariston,22,,,
1234,19º,Andrè,Il nostro amore,2004,"M. Canigiula, S. Labate e C. Labate",19,Finalista,Laura Pausini,38,2015,Simona Ventura,Teatro Ariston,22,,,
1235,20º,Danny Losito e Las Ketchup,Single,2004,D. Losito e M. Mariello,20,Finalista,Beyoncé,72,2008,Simona Ventura,Teatro Ariston,22,,,
1236,21º,Pacifico,Solo un sogno,2004,L. De Crescenzo,21,Finalista,Mondo Marcio,24,2006,Simona Ventura,Teatro Ariston,22,,,
1237,22º,Piotta,Ladro di te,2004,"T. Zanello, E. Rubbi e M. Altomare",22,Finalista,Piotta,24,2004,Simona Ventura,Teatro Ariston,22,,,
1238,1,Francesco Renga,Angelo,2005,F. Renga e M. Zappatini,1,Vincitore,,,,Paolo Bonolis,Teatro Ariston,32,,,
1239,2,Toto Cutugno con Annalisa Minetti,Come noi nessuno al mondo,2005,S. Cutugno,2,Finalista,Toto Cutugno,16,2023,Paolo Bonolis,Teatro Ariston,32,,,
1240,3,Antonella Ruggiero,Echi d'infinito,2005,M. Venuti e Kaballà,3,Finalista,Antonella Ruggiero,16,2005,Paolo Bonolis,Teatro Ariston,32,,,
1241,4,Nicky Nicolai e Stefano Di Battista Jazz Quartet,Che mistero è l'amore,2005,"M. Fabrizio, G. Lucariello e P. Marino",4,Finalista,Luca Notari,1,2011,Paolo Bonolis,Teatro Ariston,32,,,
1242,5,Laura Bono,Non credo nei miracoli,2005,L. Bonometti e M. Natale,5,Finalista,Laura Bono,35,2005,Paolo Bonolis,Teatro Ariston,32,,,
1243,F,Marcella Bella,Uomo bastardo,2005,G. Bella e S. Pieroni,,Finalista,Marcella Bella,16,2019,Paolo Bonolis,Teatro Ariston,32,,,
1244,F,La Differenza,Che farò,2005,"F. Falcone, G. Martinelli e R. Zaccagna",,Finalista,La Differenza,23,2005,Paolo Bonolis,Teatro Ariston,32,,,
1245,F,Alexia,Da grande,2005,"A. Aquilani, G. Fulcheri, G. Cominotti e M. Fabrizio",,Finalista,Enrico Brignano,40,2019,Paolo Bonolis,Teatro Ariston,32,,,
1246,F,Matia Bazar,Grido d'amore,2005,P. Cassano e G. Golzi,,Finalista,Matia Bazar,18,2021,Paolo Bonolis,Teatro Ariston,32,,,
1247,F,Gigi D'Alessio,L'amore che non c'è,2005,L. D'Alessio e V. D'Agostino,,Finalista,Gigi D'Alessio,41,2007,Paolo Bonolis,Teatro Ariston,32,,,
1248,F,Veronica Ventavoli,L'immaginario,2005,D. Calvetti e M. Ciappelli,,Finalista,Veronica Ventavoli,5,2006,Paolo Bonolis,Teatro Ariston,32,,,
1249,F,Peppino di Capri,La panchina,2005,"P. di Capri, C. Piccinelli, Depsa",,Finalista,Momogold,20,2023,Paolo Bonolis,Teatro Ariston,32,,,
1250,F,Marco Masini,Nel mondo dei sogni,2005,"M. Masini, G Orlandi e G. Dati",,Finalista,Marco Masini,31,2005,Paolo Bonolis,Teatro Ariston,32,,,
1251,F,Le Vibrazioni,Ovunque andrò,2005,F. Sarcina,,Finalista,Le Vibrazioni,37,2005,Paolo Bonolis,Teatro Ariston,32,,,
1252,F,Anna Tatangelo,Ragazza di periferia,2005,"L. D'Alessio, A. Pennino e V. D'Agostino",,Finalista,Anna Tatangelo,36,2005,Paolo Bonolis,Teatro Ariston,32,,,
1253,NF (E4),DJ Francesco Band,Francesca,2005,"A Rapetti, F. Facchinetti e D. Primiceri",,Non Finalista,Francesca Michielin,53,2016,Paolo Bonolis,Teatro Ariston,32,,,
1254,NF (E4),Paolo Meneguzzi,Non capiva che l'amavo,2005,"P. Meneguzzi, D. Melotti e R. Di Bella",,Non Finalista,Paolo Meneguzzi,37,2005,Paolo Bonolis,Teatro Ariston,32,,,
1255,NF (E4),Marina Rei,Fammi entrare,2005,"M. Rei, D. Sinigallia e R. Sinigallia",,Non Finalista,Marina Rei,15,2007,Paolo Bonolis,Teatro Ariston,32,,,
1256,NF (E4),Nicola Arigliano,Colpevole,2005,"F. Fasano, G. Grottoli e A. Vaschetti",,Non Finalista,Gemitaiz,64,2023,Paolo Bonolis,Teatro Ariston,32,,,
1257,NF (E4),Giovanna D'Angi,Fammi respirare,2005,M. Pappalardo e G. Caruso,,Non Finalista,Noemi,23,2016,Paolo Bonolis,Teatro Ariston,32,,,
1258,NF (E4),Max De Angelis,Sono qui per questo,2005,"D. Calvetti, M. De Angelis e M. Ciappelli",,Non Finalista,Max De Angelis,12,2005,Paolo Bonolis,Teatro Ariston,32,,,
1259,NF (E4),Equ,L'idea,2005,"V. Crociani, D. Boscherini e G. Graziani",,Non Finalista,Bandadriatica,1,2018,Paolo Bonolis,Teatro Ariston,32,,,
1260,NF (E3),Franco Califano,Non escludo il ritorno,2005,F. Zampaglione e F. Califano,,Non Finalista,Franco Califano,36,2005,Paolo Bonolis,Teatro Ariston,32,,,
1261,NF (E3),Velvet,Dovevo dirti molte cose,2005,"A. Sgreccia, G. Cornetta, P. Ferrantini e P. Bazzoffi",,Non Finalista,Velvet,26,2005,Paolo Bonolis,Teatro Ariston,32,,,
1262,NF (E3),Christian Lo Zito,Segui il tuo cuore,2005,G. Furnari,,Non Finalista,Gianni Togni,23,1985,Paolo Bonolis,Teatro Ariston,32,,,
1263,NF (E3),Sabrina Guida,Vorrei,2005,"S. Guida, R. D'Aquino e W. Esposito",,Non Finalista,J-AX,55,2017,Paolo Bonolis,Teatro Ariston,32,,,
1264,NF (E3),Modà,Riesci a innamorarmi,2005,F. Silvestre,,Non Finalista,Modà,25,2005,Paolo Bonolis,Teatro Ariston,32,,,
1265,NF (E2),Paola & Chiara,A modo mio,2005,C. Iezzi e P. Iezzi,,Non Finalista,Patty Pravo,6,2018,Paolo Bonolis,Teatro Ariston,32,,,
1266,NF (E2),Umberto Tozzi,Le parole,2005,U. Tozzi e R. Ancillotti,,Non Finalista,Coez,48,2015,Paolo Bonolis,Teatro Ariston,32,,,
1267,NF (E2),Concido,Ci vuole k...,2005,"A. Plebani, G. Costantini, M. Tarantelli",,Non Finalista,Michele Zarrillo,43,1997,Paolo Bonolis,Teatro Ariston,32,,,
1268,NF (E2),Enrico Boccadoro,Dov'è la terra capitano,2005,E. Boccadoro,,Non Finalista,DJ Francesco,45,2015,Paolo Bonolis,Teatro Ariston,32,,,
1269,NF (E2),Negramaro,Mentre tutto scorre,2005,G. Sangiorgi,,Non Finalista,Negramaro,61,2006,Paolo Bonolis,Teatro Ariston,32,,,
1270,1,Povia,Vorrei avere il becco,2006,G. Povia,1,Vincitore,,,,Giorgio Panariello,Teatro Ariston,30,,,
1271,2,Nomadi,Dove si va,2006,"C. Cattini, D. Sacco, M. Vecchi e G. Carletti",2,Finalista,Nomadi,39,2006,Giorgio Panariello,Teatro Ariston,30,,,
1272,3,Anna Tatangelo,Essere una donna,2006,Mogol e G. D'Alessio,3,Finalista,Anna Tatangelo,34,2006,Giorgio Panariello,Teatro Ariston,30,,,
1273,4,Riccardo Maffoni,Sole negli occhi,2006,R. Maffoni,4,Finalista,Riccardo Maffoni,6,2004,Giorgio Panariello,Teatro Ariston,30,,,
1274,F,Simone Cristicchi,Che bella gente,2006,S. Cristicchi e S. Cipollone,,Finalista,Simone Cristicchi,26,2006,Giorgio Panariello,Teatro Ariston,30,,,
1275,F,Dolcenera,Com'è straordinaria la vita,2006,"Dolcenera, L. Imerico e R. Pacco",,Finalista,Dolcenera,36,2009,Giorgio Panariello,Teatro Ariston,30,,,
1276,F,Michele Zarrillo,L'alfabeto degli amanti,2006,V. Incenzo e M. Zarrillo,,Finalista,Michele Zarrillo,39,2006,Giorgio Panariello,Teatro Ariston,30,,,
1277,F,Zero Assoluto,Svegliarsi la mattina,2006,"M. Maffucci, T. De Gasperi, D. Pao, E. Sognato",,Finalista,Zero Assoluto,59,2007,Giorgio Panariello,Teatro Ariston,30,,,
1278,NF (E4),Simona Bencini,Tempesta,2006,S. Bencini ed E. Toffoli,,Non Finalista,Malika Ayane,37,2015,Giorgio Panariello,Teatro Ariston,30,,,
1279,NF (E4),Nicky Nicolai,Lei ha la notte,2006,"T. Blu, N. Nicolai, M. Rinalduzzi e M. D'Angelo",,Non Finalista,Nicky Nicolai,6,2006,Giorgio Panariello,Teatro Ariston,30,,,
1280,NF (E4),Ron,L'uomo delle stelle,2006,Ron,,Non Finalista,Ennio Morricone,8,1995,Giorgio Panariello,Teatro Ariston,30,,,
1281,NF (E4),Alex Britti,Solo con te,2006,A. Britti,,Non Finalista,Aiden,31,2019,Giorgio Panariello,Teatro Ariston,30,,,
1282,NF (E4),I Ragazzi di Scampia con Gigi Finizio,Musica e speranza,2006,Mogol e G. D'Alessio,,Non Finalista,Linea 77,23,2013,Giorgio Panariello,Teatro Ariston,30,,,
1283,NF (E4),Sugarfree,Solo lei mi dà,2006,"F. Zampaglione, M. Amantia, G. Lo Iacono e M. Salom",,Non Finalista,Sugarfree,34,2005,Giorgio Panariello,Teatro Ariston,30,,,
1284,NF (E4),Monia Russo,Un mondo senza parole,2006,B. Illiano,,Non Finalista,Rocco,1,2021,Giorgio Panariello,Teatro Ariston,30,,,
1285,NF (E4),L'Aura,Irraggiungibile,2006,L'Aura,,Non Finalista,Lorenz Simonetti,42,2023,Giorgio Panariello,Teatro Ariston,30,,,
1286,NF (E4),Helena Hellwig,Di luna morirei,2006,"C. De Bei, Mango e R. Petruzzi",,Non Finalista,Italian Hitmakers,0,2014,Giorgio Panariello,Teatro Ariston,30,,,
1287,NF (E4),Tiziano Orecchio,Preda innocente,2006,M. Di Franco e A. Zuppini,,Non Finalista,Tiziano Orecchio,1,2008,Giorgio Panariello,Teatro Ariston,30,,,
1288,NF (E3),"Noa, Carlo Fava & Solis String Quartet",Un discorso in generale,2006,C. Fava e G. Martinelli,,Non Finalista,Carlo Fava,8,2006,Giorgio Panariello,Teatro Ariston,30,,,
1289,NF (E3),Ivana Spagna,Noi non possiamo cambiare,2006,M. Morante,,Non Finalista,Ivana Spagna,3,2009,Giorgio Panariello,Teatro Ariston,30,,,
1290,NF (E3),Luca Dirisio,Sparirò,2006,L. Dirisio,,Non Finalista,Luca Dirisio,38,2006,Giorgio Panariello,Teatro Ariston,30,,,
1291,NF (E3),Andrea Ori,Nel tuo mare,2006,"C. Ori, A. Ori e M. Vergnaghi",,Non Finalista,GIO FAL,0,2018,Giorgio Panariello,Teatro Ariston,30,,,
1292,NF (E3),Ameba 4,Rido... forse mi sbaglio,2006,F. Properzi,,Non Finalista,Ameba4,2,2006,Giorgio Panariello,Teatro Ariston,30,,,
1293,NF (E3),Ivan Segreto,Con un gesto,2006,I. Segreto,,Non Finalista,Ivan Segreto,10,2005,Giorgio Panariello,Teatro Ariston,30,,,
1294,NF (E2),Anna Oxa,Processo a me stessa,2006,"P. Panella, A. Oxa e A. Miori",,Non Finalista,Anna Oxa,17,2023,Giorgio Panariello,Teatro Ariston,30,,,
1295,NF (E2),Mario Venuti e Arancia Sonora,Un altro posto nel mondo,2006,M. Venuti e Kaballà,,Non Finalista,Mario Venuti,29,2006,Giorgio Panariello,Teatro Ariston,30,,,
1296,NF (E2),Gianluca Grignani,Liberi di sognare,2006,G. Grignani,,Non Finalista,Gianluca Grignani,32,2005,Giorgio Panariello,Teatro Ariston,30,,,
1297,NF (E2),Antonello,Capirò crescerai,2006,A. Carozza e S. Pietroluongo,,Non Finalista,Capo Plaza,69,2022,Giorgio Panariello,Teatro Ariston,30,,,
1298,NF (E2),Deasonika,Non dimentico più...,2006,"M. Zanotti, W. Clemente, S. Facchi, M. Trentacoste e F. Tumminelli",,Non Finalista,Deasonika,8,2006,Giorgio Panariello,Teatro Ariston,30,,,
1299,NF (E2),Virginio,Davvero,2006,V. Simonelli e P. Agosta,,Non Finalista,Emma,31,2010,Giorgio Panariello,Teatro Ariston,30,,,
1300,1º,Simone Cristicchi,Ti regalerò una rosa,2007,S. Cristicchi,1,Vincitore,,,,Pippo Baudo,Teatro Ariston,34,,,
1301,2º,Al Bano,Nel perdono,2007,"R. Zero, V. Incenzo, A. Paoletti e Y. Carrisi",2,Finalista,Tame Impala,82,2015,Pippo Baudo,Teatro Ariston,34,,,
1302,3º,Piero Mazzocchetti,Schiavo d'amore,2007,G. Morra e M. Fabrizio,3,Finalista,Piero Mazzocchetti,3,2015,Pippo Baudo,Teatro Ariston,34,,,
1303,4º,Daniele Silvestri,La paranza,2007,D. Silvestri,4,Finalista,Daniele Silvestri,48,2007,Pippo Baudo,Teatro Ariston,34,,,
1304,5º,Mango,Chissà se nevica,2007,G. Mango e C. De Bei,5,Finalista,Mango,18,2007,Pippo Baudo,Teatro Ariston,34,,,
1305,6º,Paolo Meneguzzi,Musica,2007,"P. Meneguzzi, R. Di Bella e D. Melotti",6,Finalista,Colapesce,63,2021,Pippo Baudo,Teatro Ariston,34,,,
1306,7º,Tosca,Il terzo fuochista,2007,"R. Mascellino, M. Venturiello e Tosca",7,Finalista,Tosca,30,2007,Pippo Baudo,Teatro Ariston,34,,,
1307,8º,Francesco con Roby Facchinetti,Vivere normale,2007,"S. Bertolotti, D. Calvetti, M. Ciappelli e F. Facchinetti",8,Finalista,Francesco Facchinetti,9,2007,Pippo Baudo,Teatro Ariston,34,,,
1308,9º,Zero Assoluto,Appena prima di partire,2007,"M. Maffucci, T. De Gasperi, D. Pao ed E. Sognato",9,Finalista,Zero Assoluto,41,2007,Pippo Baudo,Teatro Ariston,34,,,
1309,10º,Antonella Ruggiero,Canzone fra le guerre,2007,C. Carrara e A. Ruggiero,10,Finalista,C. Carrara,4,2007,Pippo Baudo,Teatro Ariston,34,,,
1310,,Amalia Gré,Amami per sempre,2007,"A. Grezio, M. Ranauro e P. Palma",,Ritirato,Amalia Gre',24,2007,Pippo Baudo,Teatro Ariston,34,,,
1311,,Marcella e Gianni Bella,Forever per sempre,2007,Mogol e G. Bella,,Ritirato,Gianni Bella,20,2007,Pippo Baudo,Teatro Ariston,34,,,
1312,,Stadio,Guardami,2007,S. Grandi e G. Curreri,,Ritirato,Gianluca Modanese,34,2017,Pippo Baudo,Teatro Ariston,34,,,
1313,,Paolo Rossi,In Italia si sta male (si sta bene anziché no),2007,R. Gaetano,,Ritirato,Sfera Ebbasta,65,2021,Pippo Baudo,Teatro Ariston,34,,,
1314,,Nada,Luna in piena,2007,N. Malanima,,Ritirato,Nada,30,2007,Pippo Baudo,Teatro Ariston,34,,,
1315,,Johnny Dorelli,Meglio così,2007,G. Calabrese e G. Ferrio,,Ritirato,Gazzelle,49,2017,Pippo Baudo,Teatro Ariston,34,,,
1316,,Fabio Concato,Oltre il giardino,2007,F. Concato,,Ritirato,Miele Band,7,2022,Pippo Baudo,Teatro Ariston,34,,,
1317,,Leda Battisti,Senza me ti pentirai,2007,L. Battisti e A. Battaglia,,Ritirato,Leda Battisti,6,2007,Pippo Baudo,Teatro Ariston,34,,,
1318,,Milva,The Show Must Go On,2007,G. Faletti,,Ritirato,Queen,71,1991,Pippo Baudo,Teatro Ariston,34,,,
1319,,Velvet,Tutto da rifare,2007,"A. Sgreccia, G. Cornetta, P. Ferrantini e P. Bazzoffi",,Ritirato,DJ Matrix,36,2023,Pippo Baudo,Teatro Ariston,34,,,
1320,1º,Giò Di Tonno e Lola Ponce,Colpo di fulmine,2008,G. Nannini,1,Vincitore,,,,Pippo Baudo,Teatro Ariston,34,,,
1321,2º,Anna Tatangelo,Il mio amico,2008,L. D'Alessio,2,Finalista,Madame,47,2021,Pippo Baudo,Teatro Ariston,34,,,
1322,3º,Fabrizio Moro,Eppure mi hai cambiato la vita,2008,F. Moro,3,Finalista,Fabrizio Moro,40,2016,Pippo Baudo,Teatro Ariston,34,,,
1323,4º,Toto Cutugno,Un falco chiuso in gabbia,2008,S. Cutugno e D. De Marinis,4,Finalista,Toto Cutugno,24,2008,Pippo Baudo,Teatro Ariston,34,,,
1324,5º,Finley,Ricordi,2008,"C. Ruggiero, D. Persoglio, M. Pedretti, S. Mantegazza e D. Calvio",5,Finalista,Medy,73,2023,Pippo Baudo,Teatro Ariston,34,,,
1325,6º,Paolo Meneguzzi,Grande,2008,"L. Panceri, P. Meneguzzo e D. Melotti",6,Finalista,Il Volo,60,2015,Pippo Baudo,Teatro Ariston,34,,,
1326,7º,Sergio Cammariere,L'amore non si spiega,2008,R. Kunstler e S. Cammariere,7,Finalista,Sergio Cammariere,45,2008,Pippo Baudo,Teatro Ariston,34,,,
1327,8º,Gianluca Grignani,Cammina nel sole,2008,G. Grignani,8,Finalista,Gianluca Grignani,50,2008,Pippo Baudo,Teatro Ariston,34,,,
1328,9º,Little Tony,Non finisce qui,2008,D. Amerio,9,Finalista,Little Tony,41,2012,Pippo Baudo,Teatro Ariston,34,,,
1329,10º,Eugenio Bennato,Grande sud,2008,E. Bennato,10,Finalista,Eugenio Bennato,27,2008,Pippo Baudo,Teatro Ariston,34,,,
1330,11º,Mietta,Baciami adesso,2008,P. Panella e D. Ronda,11,Finalista,Enrico Nigiotti,52,2020,Pippo Baudo,Teatro Ariston,34,,,
1331,12º,Max Gazzè,Il solito sesso,2008,F. Gazzè e M. Gazzè,12,Finalista,Max Gazzè,65,2008,Pippo Baudo,Teatro Ariston,34,,,
1332,13º,L'Aura,Basta!,2008,L. Abela,13,Finalista,L'Aura,14,2008,Pippo Baudo,Teatro Ariston,34,,,
1333,14º,Frankie hi-nrg mc,Rivoluzione,2008,"F. Di Gesù, F. Bruni e C. Galbignani",14,Finalista,Renato Zero,21,2016,Pippo Baudo,Teatro Ariston,34,,,
1334,15º,Michele Zarrillo,L'ultimo film insieme,2008,G. Artegiani e M. Zarrillo,15,Finalista,Michele Zarrillo,21,2008,Pippo Baudo,Teatro Ariston,34,,,
1335,16º,Tricarico,Vita tranquilla,2008,F. Tricarico,16,Finalista,Tricarico,32,2008,Pippo Baudo,Teatro Ariston,34,,,
1336,17º,Tiromancino,Il rubacuori,2008,F. Zampaglione,17,Finalista,Tiromancino,5,2008,Pippo Baudo,Teatro Ariston,34,,,
1337,18º,Amedeo Minghi,Cammina cammina,2008,G. Marcucci e A. Minghi,18,Finalista,Paolo Serazzi,47,2018,Pippo Baudo,Teatro Ariston,34,,,
1338,19º,Mario Venuti,A ferro e fuoco,2008,M. Venuti e Kaballà,19,Finalista,Mario Venuti,19,2008,Pippo Baudo,Teatro Ariston,34,,,
1339,Esclusa,Loredana Bertè,Musica e parole,2008,"L. Bertè, A. Radius e O. Avogadro",,Escluso,Ligabue,43,2023,Pippo Baudo,Teatro Ariston,34,,,
1340,1º,Marco Carta,La forza mia,2009,P. Carta,1,Vincitore,,,,Paolo Bonolis,Teatro Ariston,26,,,
1341,2º,Povia,Luca era gay,2009,G. Povia,2,Finalista,Povia,25,2009,Paolo Bonolis,Teatro Ariston,26,,,
1342,3º,Sal Da Vinci,Non riesco a farti innamorare,2009,"V. D'Agostino, L. D'Alessio e S. M. Sorrentino",3,Finalista,Sal Da Vinci,43,2009,Paolo Bonolis,Teatro Ariston,26,,,
1343,F,Francesco Renga,Uomo senza età,2009,F. Renga e M. Zappatini,,Finalista,Francesco Renga,10,2009,Paolo Bonolis,Teatro Ariston,26,,,
1344,F,Fausto Leali,Una piccola parte di te,2009,G. Fasano e F. Berlincioni,,Finalista,Fausto Leali,17,2013,Paolo Bonolis,Teatro Ariston,26,,,
1345,F,Marco Masini,L'Italia,2009,M. Masini e B. Dati,,Finalista,Brusco,10,2009,Paolo Bonolis,Teatro Ariston,26,,,
1346,F,Patty Pravo,E io verrò un giorno là,2009,A. Cutri,,Finalista,Patty Pravo,19,2013,Paolo Bonolis,Teatro Ariston,26,,,
1347,F,Alexia feat. Mario Lavezzi,Biancaneve,2009,Mogol e M. Lavezzi,,Finalista,The Pietro Carapellucci Choir,33,2022,Paolo Bonolis,Teatro Ariston,26,,,
1348,F,Al Bano,L'amore è sempre amore,2009,G. Morra e M. Fabrizio,,Finalista,Nina Zilli,45,2012,Paolo Bonolis,Teatro Ariston,26,,,
1349,F,"Pupo, Paolo Belli e Youssou N'Dour",L'opportunità,2009,Mogol e E. Ghinazzi,,Finalista,Jacques Dutronc,44,1969,Paolo Bonolis,Teatro Ariston,26,,,
1350,NF,Dolcenera,Il mio amore unico,2009,"Dolcenera, S. Lanza, G. P. Ameli e O. Avogadro",,Non Finalista,Dolcenera,22,2009,Paolo Bonolis,Teatro Ariston,26,,,
1351,NF,Gemelli DiVersi,Vivi per un miracolo,2009,"L. Aleotti, A. Merli, E. Busnaghi e F. Stranges",,Non Finalista,Gemelli Diversi,30,2009,Paolo Bonolis,Teatro Ariston,26,,,
1352,NF,Nicky Nicolai e Stefano Di Battista,Più sole,2009,L. Cherubini e S. Di Battista,,Non Finalista,Nicky Nicolai,20,2009,Paolo Bonolis,Teatro Ariston,26,,,
1353,NF,Afterhours,Il paese è reale,2009,"M. Agnelli, G. Ciccarelli, R. D'Erasmo, E. Gabrielli e G. Prette",,Non Finalista,Afterhours,26,2009,Paolo Bonolis,Teatro Ariston,26,,,
1354,NF,Tricarico,Il bosco delle fragole,2009,F. Tricarico,,Non Finalista,Tricarico,17,2009,Paolo Bonolis,Teatro Ariston,26,,,
1355,NF,Iva Zanicchi,Ti voglio senza amore,2009,F. Berlincioni e G. Fasano,,Non Finalista,Iva Zanicchi,5,2009,Paolo Bonolis,Teatro Ariston,26,,,
1356,1º,Valerio Scanu,Per tutte le volte che...,2010,P. Carone,1,Vincitore,,,,Antonella Clerici,Teatro Ariston,25,,,
1357,2º,Pupo ed Emanuele Filiberto con Luca Canonici,Italia amore mio,2010,E. Filiberto ed E. Ghinazzi,2,Finalista,Luca Canonici,30,2013,Antonella Clerici,Teatro Ariston,25,,,
1358,3º,Marco Mengoni,Credimi ancora,2010,"M. Mengoni, S. Fabiani, M. Calabrese e P. Calabrese",3,Finalista,Marco Mengoni,38,2010,Antonella Clerici,Teatro Ariston,25,,,
1359,F (4º)[19],Noemi,Per tutta la vita,2010,D. Calvetti e M. Ciappelli,,Finalista,Noemi,47,2009,Antonella Clerici,Teatro Ariston,25,,,
1360,F (5º)[20],Malika Ayane,Ricomincio da qui,2010,"M. Ayane, Pacifico e F. Arnò",,Finalista,Malika Ayane,38,2010,Antonella Clerici,Teatro Ariston,25,,,
1361,F (6º)[21],Irene Fornaciari feat. Nomadi,Il mondo piange,2010,"A. Fornaciari, D. Dattoli e I. Fornaciari",,Finalista,Irene Fornaciari,27,2010,Antonella Clerici,Teatro Ariston,25,,,
1362,F (7º)[22],Simone Cristicchi,Meno male,2010,"S. Cristicchi, F. Di Gesù, E. Marcelli e A. Canini",,Finalista,Andrea Vantini,33,2010,Antonella Clerici,Teatro Ariston,25,,,
1363,F (8º)[23],Irene Grandi,La cometa di Halley,2010,F. Bianconi e I. Grandi,,Finalista,Irene Grandi,34,2010,Antonella Clerici,Teatro Ariston,25,,,
1364,F (9º)[24],Arisa,Malamorenò,2010,G. Anastasi,,Finalista,Arisa,32,2010,Antonella Clerici,Teatro Ariston,25,,,
1365,F (10º)[25],Povia,La verità,2010,G. Povia,,Finalista,Brunori Sas,55,2017,Antonella Clerici,Teatro Ariston,25,,,
1366,NF,Enrico Ruggeri,La notte delle fate,2010,E. Ruggeri,,Non Finalista,Enrico Ruggeri,14,2010,Antonella Clerici,Teatro Ariston,25,,,
1367,NF,Fabrizio Moro,Non è una canzone,2010,F. Mobrici,,Non Finalista,The Zen Circus,17,2018,Antonella Clerici,Teatro Ariston,25,,,
1368,NF,Nino D'Angelo con Maria Nazionale,Jammo jà[26],2010,N. D'Angelo,,Non Finalista,Nino D'Angelo,44,2010,Antonella Clerici,Teatro Ariston,25,,,
1369,NF,Sonohra,Baby,2010,R. Tini e D. Fainello,,Non Finalista,Don Pero,75,2022,Antonella Clerici,Teatro Ariston,25,,,
1370,NF,Toto Cutugno,Aeroplani,2010,"T. Cutugno, C. Romano e S. Iodice",,Non Finalista,Coez,39,2019,Antonella Clerici,Teatro Ariston,25,,,
1371,1º,Roberto Vecchioni,Chiamami ancora amore,2011,R. Vecchioni,1,Vincitore,,,,Gianni Morandi,Teatro Ariston,22,,,
1372,2º,Modà con Emma,Arriverà,2011,"F. Silvestre, E. Zapparoli e E. Palmosi",2,Finalista,Emma,29,2014,Gianni Morandi,Teatro Ariston,22,,,
1373,3º,Al Bano,Amanda è libera,2011,"F. Berlincioni, A. Carrisi e A. Paoletti",3,Finalista,Al Bano,15,2017,Gianni Morandi,Teatro Ariston,22,,,
1374,4º,Davide Van De Sfroos,Yanez[22],2011,D. Bernasconi,4,Finalista,Relaxing Music by Finjus Yanez,0,2022,Gianni Morandi,Teatro Ariston,22,,,
1375,5º,Luca Madonia con Franco Battiato,L'alieno,2011,L. Madonia,5,Finalista,Aguirre,1,2023,Gianni Morandi,Teatro Ariston,22,,,
1376,6º,La Crus,Io confesso,2011,M. E. Giovanardi e M. Curallo,6,Finalista,Mauro Ermanno Giovanardi,10,2013,Gianni Morandi,Teatro Ariston,22,,,
1377,7º,Nathalie,Vivo sospesa,2011,N. Giannitrapani,7,Finalista,Nathalie,23,2011,Gianni Morandi,Teatro Ariston,22,,,
1378,8º,Luca Barbarossa e Raquel del Rosario,Fino in fondo,2011,L. Barbarossa,8,Finalista,Luca Barbarossa,48,2011,Gianni Morandi,Teatro Ariston,22,,,
1379,9º,Anna Tatangelo,Bastardo,2011,"V. D'Agostino, A. Tatangelo e G. D'Alessio",9,Finalista,Samurai Jay,45,2020,Gianni Morandi,Teatro Ariston,22,,,
1380,10º,Giusy Ferreri,Il mare immenso,2011,"Bungaro, G. Ferreri e M. Calò",10,Finalista,Giusy Ferreri,35,2011,Gianni Morandi,Teatro Ariston,22,,,
1381,NF (E4),Max Pezzali,Il mio secondo tempo,2011,M. Pezzali,,Non Finalista,Max Pezzali,39,2011,Gianni Morandi,Teatro Ariston,22,,,
1382,NF (E4),Tricarico,Tre colori,2011,F. Mesolella,,Non Finalista,Tricarico,18,2011,Gianni Morandi,Teatro Ariston,22,,,
1383,NF (E3),Anna Oxa,La mia anima d'uomo,2011,"L. Imerico, A. Oxa e R. Pacco",,Non Finalista,Anna Oxa,16,2016,Gianni Morandi,Teatro Ariston,22,,,
1384,NF (E3),Patty Pravo,Il vento e le rose,2011,D. Calvetti e M. Ciappelli,,Non Finalista,Patty Pravo,22,2011,Gianni Morandi,Teatro Ariston,22,,,
1385,1º,Emma,Non è l'inferno,2012,"F. Silvestre, L. Sala e E. Palmosi",1,Vincitore,,,,Gianni Morandi,Teatro Ariston,22,,,
1386,2º,Arisa,La notte,2012,G. Anastasi,2,Finalista,Modà,51,2011,Gianni Morandi,Teatro Ariston,22,,,
1387,3º,Noemi,Sono solo parole,2012,F. Moro,3,Finalista,Noemi,57,2012,Gianni Morandi,Teatro Ariston,22,,,
1388,4º,Gigi D'Alessio e Loredana Bertè,Respirare,2012,L. D'Alessio e V. D'Agostino,4,Finalista,Subsonica,32,2018,Gianni Morandi,Teatro Ariston,22,,,
1389,5º,Pierdavide Carone e Lucio Dalla,Nanì,2012,P. Carone e L. Dalla,5,Finalista,Pierdavide Carone,30,2012,Gianni Morandi,Teatro Ariston,22,,,
1390,6º,Dolcenera,Ci vediamo a casa,2012,Dolcenera,6,Finalista,Dolcenera,36,2012,Gianni Morandi,Teatro Ariston,22,,,
1391,7º,Nina Zilli,Per sempre,2012,R. Casalino e N. Zilli,7,Finalista,Nina Zilli,45,2012,Gianni Morandi,Teatro Ariston,22,,,
1392,8º,Francesco Renga,La tua bellezza,2012,"F. Renga, D. Mancino e D. Faini",8,Finalista,Francesco Renga,42,2012,Gianni Morandi,Teatro Ariston,22,,,
1393,9º,Samuele Bersani,Un pallone,2012,S. Bersani,9,Finalista,Enrico Ruggeri,26,2019,Gianni Morandi,Teatro Ariston,22,,,
1394,10º,Eugenio Finardi,E tu lo chiami Dio,2012,R. Di Lorenzo,10,Finalista,Eugenio Finardi,17,2013,Gianni Morandi,Teatro Ariston,22,,,
1395,NF (E4),Matia Bazar,Sei tu,2012,"P. Cassano, G. Golzi e F. Perversi",,Non Finalista,Andrew Underberg,61,2024,Gianni Morandi,Teatro Ariston,22,,,
1396,NF (E4),Chiara Civello,Al posto del mondo,2012,C. Civello e D. Tejera,,Non Finalista,Edgar Allan Pop,3,2023,Gianni Morandi,Teatro Ariston,22,,,
1397,NF (E3),Irene Fornaciari,Grande mistero,2012,D. Van De Sfroos,,Non Finalista,Paolo Buonvino,26,2000,Gianni Morandi,Teatro Ariston,22,,,
1398,NF (E3),Marlene Kuntz,Canzone per un figlio,2012,"C. Godano, R. Tesio e L. Bergia",,Non Finalista,Marlene Kuntz,17,2012,Gianni Morandi,Teatro Ariston,22,,,
1399,1º,Marco Mengoni,L'essenziale,2013,"R. Casalino, M. Mengoni e F. De Benedittis",1,Vincitore,,,,Fabio Fazio,Teatro Ariston,22,,,
1400,2º,Elio e le Storie Tese,La canzone mononota,2013,"S. Belisari, S. Conforti, D. L. Civaschi e N. Fasani",2,Finalista,Elio e le Storie Tese,35,2013,Fabio Fazio,Teatro Ariston,22,,,
1401,3º,Modà,Se si potesse non morire,2013,F. Silvestre,3,Finalista,Modà,39,2014,Fabio Fazio,Teatro Ariston,22,,,
1402,4º,Malika Ayane,E se poi,2013,G. Sangiorgi,4,Finalista,Mario Riccardi,1,2012,Fabio Fazio,Teatro Ariston,22,,,
1403,5º,Raphael Gualazzi,Sai (ci basta un sogno),2013,R. Gualazzi,5,Finalista,Raphael Gualazzi,26,2014,Fabio Fazio,Teatro Ariston,22,,,
1404,6º,Daniele Silvestri,A bocca chiusa,2013,D. Silvestri,6,Finalista,Daniele Silvestri,49,2013,Fabio Fazio,Teatro Ariston,22,,,
1405,7º,Max Gazzè,Sotto casa,2013,"F. Gazzè, M. Gazzè e F. De Benedittis",7,Finalista,Max Gazzè,54,2013,Fabio Fazio,Teatro Ariston,22,,,
1406,8º,Chiara,Il futuro che sarà,2013,"F. Bianconi, L. Chiaravalli e L. Gonzalez Alea",8,Finalista,Chiara Galiazzo,27,2013,Fabio Fazio,Teatro Ariston,22,,,
1407,9º,Annalisa,Scintille,2013,D. Faini e A. Galbiati,9,Finalista,Gazzelle,58,2018,Fabio Fazio,Teatro Ariston,22,,,
1408,10º,Maria Nazionale,È colpa mia,2013,G. Servillo e F. Mesolella,10,Finalista,Il Teatro Degli Orrori,30,2009,Fabio Fazio,Teatro Ariston,22,,,
1409,11º,Simone Cristicchi,La prima volta (che sono morto),2013,S. Cristicchi e L. Pari,11,Finalista,Simone Cristicchi,27,2013,Fabio Fazio,Teatro Ariston,22,,,
1410,12º,Marta sui Tubi,Vorrei,2013,"G. Gulino, M. Boschi, C. Pipitone, P. Pischedda e I. Paolini",12,Finalista,J-AX,55,2017,Fabio Fazio,Teatro Ariston,22,,,
1411,13º,Simona Molinari con Peter Cincotti,La felicità,2013,"S. Molinari, M. Vultaggio, P. Cincotti e C. Avarello",13,Finalista,Simona Molinari,40,2013,Fabio Fazio,Teatro Ariston,22,,,
1412,14º,Almamegretta,Mamma non lo sa,2013,"G. Della Volpe, P. Polcari e G. Tesone",14,Finalista,Almamegretta,24,2013,Fabio Fazio,Teatro Ariston,22,,,
1413,NF,Marco Mengoni,Bellissimo,2013,"G. Nannini, Pacifico e D. Tagliapietra",,Non Finalista,Alfa,75,2023,Fabio Fazio,Teatro Ariston,22,,,
1414,NF,Modà,Come l'acqua dentro il mare,2013,F. Silvestre,,Non Finalista,Modà,31,2014,Fabio Fazio,Teatro Ariston,22,,,
1415,NF,Elio e le Storie Tese,Dannati forever,2013,"S. Belisari, S. Conforti, D. L. Civaschi e N. Fasani",,Non Finalista,Elio e le Storie Tese,26,2013,Fabio Fazio,Teatro Ariston,22,,,
1416,NF,Marta sui Tubi,Dispari,2013,"G. Gulino, M. Boschi, C. Pipitone, P. Pischedda e I. Paolini",,Non Finalista,Marta Sui Tubi,34,2013,Fabio Fazio,Teatro Ariston,22,,,
1417,NF,Simona Molinari con Peter Cincotti,Dr. Jekyll Mr. Hyde,2013,L. Luttazzi e A. Zeppieri,,Non Finalista,Simona Molinari,32,2013,Fabio Fazio,Teatro Ariston,22,,,
1418,NF,Max Gazzè,I tuoi maledettissimi impegni,2013,"F. Gazzè, M. Gazzè, e M. Buzzanca",,Non Finalista,Max Gazzè,32,2013,Fabio Fazio,Teatro Ariston,22,,,
1419,NF,Daniele Silvestri,Il bisogno di te (ricatto d'onor),2013,D. Silvestri,,Non Finalista,Emanuele Aloia,63,2021,Fabio Fazio,Teatro Ariston,22,,,
1420,NF,Chiara,L'esperienza dell'amore,2013,F. Zampaglione e D. Zampaglione,,Non Finalista,Chiara Galiazzo,8,2013,Fabio Fazio,Teatro Ariston,22,,,
1421,NF,Simone Cristicchi,Mi manchi,2013,"S. Cristicchi, F. Di Salvo e R. Pacco",,Non Finalista,Paky,62,2022,Fabio Fazio,Teatro Ariston,22,,,
1422,NF,Malika Ayane,Niente,2013,G. Sangiorgi,,Non Finalista,Marracash,64,2016,Fabio Fazio,Teatro Ariston,22,,,
1423,NF,Annalisa,Non so ballare,2013,E. Meta,,Non Finalista,Tommycassi,28,2018,Fabio Fazio,Teatro Ariston,22,,,
1424,NF,Almamegretta,Onda che vai,2013,F. Zampaglione e D. Zampaglione,,Non Finalista,Tiromancino,10,2016,Fabio Fazio,Teatro Ariston,22,,,
1425,NF,Maria Nazionale,Quando non parlo,2013,E. Gragnaniello,,Non Finalista,Postino,33,2018,Fabio Fazio,Teatro Ariston,22,,,
1426,NF,Raphael Gualazzi,Senza ritegno,2013,R. Gualazzi,,Non Finalista,Raphael Gualazzi,25,2014,Fabio Fazio,Teatro Ariston,22,,,
1427,1º,Arisa,Controvento,2014,G. Anastasi,1,Vincitore,,,,Fabio Fazio,Teatro Ariston,22,,,
1428,2º,Raphael Gualazzi & The Bloody Beetroots,Liberi o no,2014,"R. Gualazzi, B. Rifo, L. Beccafichi",2,Finalista,Raphael Gualazzi,21,2014,Fabio Fazio,Teatro Ariston,22,,,
1429,3º,Renzo Rubino,Ora,2014,"R. Rubino, A. Rodini",3,Finalista,Sfera Ebbasta,62,2023,Fabio Fazio,Teatro Ariston,22,,,
1430,4º,Francesco Renga,Vivendo adesso,2014,E. Toffoli,4,Finalista,Francesco Renga,47,2014,Fabio Fazio,Teatro Ariston,22,,,
1431,5º,Noemi,Bagnati dal sole,2014,"Noemi, C. Ailin, R. Frenneaux",5,Finalista,Noemi,35,2014,Fabio Fazio,Teatro Ariston,22,,,
1432,6º,Perturbazione,L'unica,2014,"T. Cerasuolo, G. Giancursi, R. Lo Mele, A. Baracco, E. Diana, C. Lo Mele",6,Finalista,Ultimo,57,2017,Fabio Fazio,Teatro Ariston,22,,,
1433,7º,Cristiano De André,Il cielo è vuoto,2014,"D. Mancino, C. De André, D. Faini",7,Finalista,Ligabue,30,1995,Fabio Fazio,Teatro Ariston,22,,,
1434,8º,Frankie hi-nrg mc,Pedala,2014,"F. Di Gesú, C. Galbignani, L. Beccafichi",8,Finalista,n.u.n.u.,2,2008,Fabio Fazio,Teatro Ariston,22,,,
1435,9º,Giusy Ferreri,Ti porto a cena con me,2014,"R. Casalino, D. Faini",9,Finalista,Giusy Ferreri,37,2014,Fabio Fazio,Teatro Ariston,22,,,
1436,10º,Francesco Sarcina,Nel tuo sorriso,2014,F. Sarcina,10,Finalista,Andrea Mariani,16,2023,Fabio Fazio,Teatro Ariston,22,,,
1437,11º,Giuliano Palma,Così lontano,2014,"N. Zilli, M. Ciappelli, A. Flora",11,Finalista,Giuliano Palma,20,2014,Fabio Fazio,Teatro Ariston,22,,,
1438,12º,Antonella Ruggiero,Da lontano,2014,"A. Ruggiero, A. Graziano, A. Rossi, R. Colombo",12,Finalista,Antonella Ruggiero,12,2014,Fabio Fazio,Teatro Ariston,22,,,
1439,13º,Ron,Sing in the rain,2014,"Ron, M. Del Forno",13,Finalista,MORIAH,21,2012,Fabio Fazio,Teatro Ariston,22,,,
1440,Escluso,Riccardo Sinigallia,Prima di andare via,2014,"F. Gatti, R. Sinigallia",,Escluso,Neffa,53,2003,Fabio Fazio,Teatro Ariston,22,,,
1441,NF,Francesco Renga,A un isolato da te,2014,R. Casalino,,Non Finalista,Francesco Renga,37,2014,Fabio Fazio,Teatro Ariston,22,,,
1442,NF,Francesco Sarcina,In questa città,2014,F. Sarcina,,Non Finalista,Max Pezzali,38,2020,Fabio Fazio,Teatro Ariston,22,,,
1443,NF,Cristiano De André,Invisibili,2014,"F. Ferraboschi, C. De André",,Non Finalista,En?gma,30,2021,Fabio Fazio,Teatro Ariston,22,,,
1444,NF,Giusy Ferreri,L'amore possiede il bene,2014,"R. Casalino, N. Verrienti",,Non Finalista,Giusy Ferreri,20,2014,Fabio Fazio,Teatro Ariston,22,,,
1445,NF,Perturbazione,L'Italia vista dal bar,2014,"T. Cerasuolo, G. Giancursi, R. Lo Mele, A. Baracco, E. Diana, C. Lo Mele",,Non Finalista,Perturbazione,4,2014,Fabio Fazio,Teatro Ariston,22,,,
1446,NF,Arisa,Lentamente (Il primo che passa),2014,"C. Donà, R. Pippa, S. Lanza",,Non Finalista,Arisa,12,2014,Fabio Fazio,Teatro Ariston,22,,,
1447,NF,Renzo Rubino,Per sempre e poi basta,2014,"R. Rubino, A. Rodini",,Non Finalista,Renzo Rubino,0,2024,Fabio Fazio,Teatro Ariston,22,,,
1448,NF,Antonella Ruggiero,Quando balliamo,2014,"S. Lenzi, A. Ruggiero, R. Colombo",,Non Finalista,Antonella Ruggiero,3,2014,Fabio Fazio,Teatro Ariston,22,,,
1449,NF,Raphael Gualazzi & The Bloody Beetroots,Tanto ci sei,2014,"G. Sangiorgi, R. Gualazzi, B. Rifo",,Non Finalista,Raphael Gualazzi,12,2014,Fabio Fazio,Teatro Ariston,22,,,
1450,NF,Giuliano Palma,Un bacio crudele,2014,"C. Valli, G. Palma, F. Merigo",,Non Finalista,Giuliano Palma,12,2014,Fabio Fazio,Teatro Ariston,22,,,
1451,NF,Noemi,Un uomo è un albero,2014,"Noemi, D. Mancino, D. Faini",,Non Finalista,Noemi,10,2014,Fabio Fazio,Teatro Ariston,22,,,
1452,NF,Frankie hi-nrg mc,Un uomo è vivo,2014,"F. Di Gesú, C. Galbignani, L. Beccafichi",,Non Finalista,Frankie hi-nrg mc,18,2014,Fabio Fazio,Teatro Ariston,22,,,
1453,NF,Ron,Un abbraccio unico,2014,Ron,,Non Finalista,Ron,9,2023,Fabio Fazio,Teatro Ariston,22,,,
1454,NF,Riccardo Sinigallia,Una rigenerazione,2014,"F. Gatti, R. Sinigallia",,Non Finalista,Riccardo Sinigallia,10,2014,Fabio Fazio,Teatro Ariston,22,,,
1455,1º,Il Volo,Grande amore,2015,F. Boccia e C. Esposito,1,Vincitore,,,,Carlo Conti (conduttore televisivo),Teatro Ariston,28,,,
1456,2º,Nek,Fatti avanti amore,2015,"Nek, L. Chiaravalli, A. Bonomo e G. Fazio",2,Finalista,Nek,47,2015,Carlo Conti (conduttore televisivo),Teatro Ariston,28,,,
1457,3º,Malika Ayane,Adesso e qui (nostalgico presente),2015,"M. Ayane, Pacifico, G. Caccamo e A. Flora",3,Finalista,Malika Ayane,42,2015,Carlo Conti (conduttore televisivo),Teatro Ariston,28,,,
1458,4º,Annalisa,Una finestra tra le stelle,2015,F. Silvestre,4,Finalista,Annalisa,61,2015,Carlo Conti (conduttore televisivo),Teatro Ariston,28,,,
1459,5º,Chiara,Straordinario,2015,E. Meta e G. Pollex,5,Finalista,Chiara Galiazzo,55,2015,Carlo Conti (conduttore televisivo),Teatro Ariston,28,,,
1460,6º,Marco Masini,Che giorno è,2015,"M. Masini, F. Camba e D. Coro",6,Finalista,Marco Masini,28,2020,Carlo Conti (conduttore televisivo),Teatro Ariston,28,,,
1461,7º,Dear Jack,Il mondo esplode tranne noi,2015,P. Romitelli e D. Simonetta,7,Finalista,Dear Jack,17,2015,Carlo Conti (conduttore televisivo),Teatro Ariston,28,,,
1462,8º,Gianluca Grignani,Sogni infranti,2015,G. Grignani,8,Finalista,Gianluca Grignani,26,2015,Carlo Conti (conduttore televisivo),Teatro Ariston,28,,,
1463,9º,Nina Zilli,Sola,2015,N. Zilli,9,Finalista,Annalisa,65,2023,Carlo Conti (conduttore televisivo),Teatro Ariston,28,,,
1464,10º,Lorenzo Fragola,Siamo uguali,2015,"L. Fragola, Fedez e F. Cogliati",10,Finalista,Lorenzo Fragola,49,2015,Carlo Conti (conduttore televisivo),Teatro Ariston,28,,,
1465,11º,Alex Britti,Un attimo importante,2015,A. Britti,11,Finalista,Alex Britti,35,2015,Carlo Conti (conduttore televisivo),Teatro Ariston,28,,,
1466,12º,Irene Grandi,Un vento senza nome,2015,I. Grandi e S. Lanza,12,Finalista,Irene Grandi,23,2015,Carlo Conti (conduttore televisivo),Teatro Ariston,28,,,
1467,13º,Nesli,Buona fortuna amore,2015,Nesli e Brando,13,Finalista,Nesli,32,2015,Carlo Conti (conduttore televisivo),Teatro Ariston,28,,,
1468,14º,Bianca Atzei,Il solo al mondo,2015,F. Silvestre,14,Finalista,Bianca Atzei,24,2015,Carlo Conti (conduttore televisivo),Teatro Ariston,28,,,
1469,15º,Moreno,Oggi ti parlo così,2015,"M. Donadoni, R. Casalino, M. Dagani, A. Erba e M. Zangirolami",15,Finalista,Moreno,16,2015,Carlo Conti (conduttore televisivo),Teatro Ariston,28,,,
1470,16º,Grazia Di Michele e Mauro Coruzzi,Io sono una finestra,2015,G. Di Michele e R. Petrangeli,16,Finalista,"Grazia Di Michele, Mauro Coruzzi",9,2015,Carlo Conti (conduttore televisivo),Teatro Ariston,28,,,
1471,NF,Anna Tatangelo,Libera,2015,F. Silvestre ed E. Palmosi,,Non Finalista,LIBERATO,65,2019,Carlo Conti (conduttore televisivo),Teatro Ariston,28,,,
1472,NF,Raf,Come una favola,2015,"R. Riefoli, S. Grandi e E. Cecere",,Non Finalista,Raf,40,2015,Carlo Conti (conduttore televisivo),Teatro Ariston,28,,,
1473,NF,Biggio e Mandelli,Vita d'inferno,2015,"F. Biggio, M. Ferro e F. Mandelli",,Non Finalista,Gianluca Marino,0,2024,Carlo Conti (conduttore televisivo),Teatro Ariston,28,,,
1474,NF,Lara Fabian,Voce,2015,"C. Cremonini, L. Fabian e F. Zanotti",,Non Finalista,Madame,56,2021,Carlo Conti (conduttore televisivo),Teatro Ariston,28,,,
1475,1º,Stadio,Un giorno mi dirai,2016,"S. Grandi, G. Curreri e L. Chiaravalli",1,Vincitore,,,,Carlo Conti (conduttore televisivo),Teatro Ariston,28,,,
1476,2º,Francesca Michielin,Nessun grado di separazione,2016,"F. Michielin, F. Abbate, Cheope e F. Gargiulo",2,Finalista,Francesca Michielin,53,2016,Carlo Conti (conduttore televisivo),Teatro Ariston,28,,,
1477,3º,Giovanni Caccamo e Deborah Iurato,Via da qui,2016,G. Sangiorgi,3,Finalista,Fineconfine,33,2024,Carlo Conti (conduttore televisivo),Teatro Ariston,28,,,
1478,4º,Enrico Ruggeri,Il primo amore non si scorda mai,2016,E. Ruggeri,4,Finalista,Gigi D'Alessio,24,2001,Carlo Conti (conduttore televisivo),Teatro Ariston,28,,,
1479,5º,Lorenzo Fragola,Infinite volte,2016,"L. Fragola, A. Filippelli, F. Ferraguzzo, R. L. Di Benedetto e R. Canale",5,Finalista,Lorenzo Fragola,41,2016,Carlo Conti (conduttore televisivo),Teatro Ariston,28,,,
1480,6º,Patty Pravo,Cieli immensi,2016,F. Zampaglione,6,Finalista,Patty Pravo,38,2016,Carlo Conti (conduttore televisivo),Teatro Ariston,28,,,
1481,7º,Clementino,Quando sono lontano,2016,"C. Maccaro, K. Scherer e V. Stein",7,Finalista,Clementino,45,2016,Carlo Conti (conduttore televisivo),Teatro Ariston,28,,,
1482,8º,Noemi,La borsa di una donna,2016,"M. Masini, M. Adami e A. Iammarino",8,Finalista,Noemi,28,2016,Carlo Conti (conduttore televisivo),Teatro Ariston,28,,,
1483,9º,Rocco Hunt,Wake Up,2016,"R. Pagliarulo, S. Benussi e V. Catanzaro",9,Finalista,MoonDeity,78,2022,Carlo Conti (conduttore televisivo),Teatro Ariston,28,,,
1484,10º,Arisa,Guardando il cielo,2016,G. Anastasi,10,Finalista,Arisa,34,2016,Carlo Conti (conduttore televisivo),Teatro Ariston,28,,,
1485,11º,Annalisa,Il diluvio universale,2016,D. Calvetti e A. Scarrone,11,Finalista,Annalisa,0,2024,Carlo Conti (conduttore televisivo),Teatro Ariston,28,,,
1486,12º,Elio e le Storie Tese,Vincere l'odio,2016,"S. Belisari, S. Conforti, D. Civaschi e N. Fasani",12,Finalista,Elio e le Storie Tese,27,2016,Carlo Conti (conduttore televisivo),Teatro Ariston,28,,,
1487,13º,Valerio Scanu,Finalmente piove,2016,F. Moro,13,Finalista,Valerio Scanu,33,2016,Carlo Conti (conduttore televisivo),Teatro Ariston,28,,,
1488,14º,Alessio Bernabei,Noi siamo infinito,2016,"R. Casalino, I. Amatucci, e D. Faini",14,Finalista,Alessio Bernabei,36,2016,Carlo Conti (conduttore televisivo),Teatro Ariston,28,,,
1489,15º,Dolcenera,Ora o mai più (le cose cambiano),2016,Dolcenera e Finaz,15,Finalista,Dolcenera,21,2016,Carlo Conti (conduttore televisivo),Teatro Ariston,28,,,
1490,16º,Irene Fornaciari,Blu,2016,"G. Dati, I. Fornaciari, M. Fontana e D. Calvetti",16,Finalista,Eiffel 65,79,1999,Carlo Conti (conduttore televisivo),Teatro Ariston,28,,,
1491,NF,Bluvertigo,Semplicemente,2016,M. Castoldi,,Non Finalista,Zero Assoluto,52,2007,Carlo Conti (conduttore televisivo),Teatro Ariston,28,,,
1492,NF,Dear Jack,Mezzo respiro,2016,"R. Balbo, S. Paviani, L. Riflessi e C. Corradini",,Non Finalista,Dear Jack,19,2016,Carlo Conti (conduttore televisivo),Teatro Ariston,28,,,
1493,NF,Neffa,Sogni e nostalgia,2016,G. Pellino,,Non Finalista,Neffa,29,2016,Carlo Conti (conduttore televisivo),Teatro Ariston,28,,,
1494,NF,Zero Assoluto,Di me e di te,2016,"T. De Gasperi, A. Filippelli, M. Maffucci e L. Vicini",,Non Finalista,Zero Assoluto,42,2016,Carlo Conti (conduttore televisivo),Teatro Ariston,28,,,
1495,1º,Francesco Gabbani,Occidentali's Karma,2017,"F. Ilacqua, F. Gabbani e L. Chiaravalli",1,Vincitore,,,,Carlo Conti (conduttore televisivo),Teatro Ariston,30,,,
1496,2º,Fiorella Mannoia,Che sia benedetta,2017,Amara e S. Mineo,2,Finalista,Fiorella Mannoia,51,2017,Carlo Conti (conduttore televisivo),Teatro Ariston,30,,,
1497,3º,Ermal Meta,Vietato morire,2017,E. Meta,3,Finalista,Ermal Meta,53,2017,Carlo Conti (conduttore televisivo),Teatro Ariston,30,,,
1498,4º,Michele Bravi,Il diario degli errori,2017,"Cheope, F. Abbate e G. Anastasi",4,Finalista,Michele Bravi,57,2017,Carlo Conti (conduttore televisivo),Teatro Ariston,30,,,
1499,5º,Paola Turci,Fatti bella per te,2017,"G. Anania, L. Chiaravalli, D. Simonetta e P. Turci",5,Finalista,Paola Turci,35,2017,Carlo Conti (conduttore televisivo),Teatro Ariston,30,,,
1500,6º,Sergio Sylvestre,Con te,2017,"Giorgia Todrani, S. Sylvestre e S. Maiuolo",6,Finalista,Andrea Bocelli,50,1995,Carlo Conti (conduttore televisivo),Teatro Ariston,30,,,
1501,7º,Fabrizio Moro,Portami via,2017,F. Mobrici e R. Cardelli,7,Finalista,Fabrizio Moro,56,2017,Carlo Conti (conduttore televisivo),Teatro Ariston,30,,,
1502,8º,Elodie,Tutta colpa mia,2017,"E. Marrone, O. Angiuli, G. Pollex e F. Cianciola",8,Finalista,Elodie,55,2017,Carlo Conti (conduttore televisivo),Teatro Ariston,30,,,
1503,9º,Bianca Atzei,Ora esisti solo tu,2017,F. Silvestre,9,Finalista,Bianca Atzei,41,2017,Carlo Conti (conduttore televisivo),Teatro Ariston,30,,,
1504,10º,Samuel,Vedrai,2017,"Samuel, C. Rigano e R. Onori",10,Finalista,Nino D'Angelo,38,2018,Carlo Conti (conduttore televisivo),Teatro Ariston,30,,,
1505,11º,Michele Zarrillo,Mani nelle mani,2017,M. Zarrillo e G. Artegiani,11,Finalista,Michele Zarrillo,35,2017,Carlo Conti (conduttore televisivo),Teatro Ariston,30,,,
1506,12º,Lodovica Comello,Il cielo non mi basta,2017,"A. Di Martino, F. Abbate, D. Faini e F. Ferraguzzo",12,Finalista,Lodovica Comello,26,2017,Carlo Conti (conduttore televisivo),Teatro Ariston,30,,,
1507,13º,Marco Masini,Spostato di un secondo,2017,"M. Masini, Zibba e D. Calvetti",13,Finalista,Marco Masini,33,2017,Carlo Conti (conduttore televisivo),Teatro Ariston,30,,,
1508,14º,Chiara,Nessun posto è casa mia,2017,N. Verrienti e C. Verrienti,14,Finalista,Chiara Galiazzo,40,2017,Carlo Conti (conduttore televisivo),Teatro Ariston,30,,,
1509,15º,Alessio Bernabei,Nel mezzo di un applauso,2017,"R. Casalino, Dardust e V. Casagrande",15,Finalista,Alessio Bernabei,29,2017,Carlo Conti (conduttore televisivo),Teatro Ariston,30,,,
1510,16º,Clementino,Ragazzi fuori,2017,"C. Maccaro, F. Rizzo, P. M. Lombroni Capalbo e S. Tognini",16,Finalista,RATA,24,2024,Carlo Conti (conduttore televisivo),Teatro Ariston,30,,,
1511,NF,Al Bano,Di rose e di spine,2017,"M. Fabrizio, A. Carrisi e K. Astarita",,Non Finalista,Al Bano,22,2017,Carlo Conti (conduttore televisivo),Teatro Ariston,30,,,
1512,NF,Gigi D'Alessio,La prima stella,2017,G. D'Alessio,,Non Finalista,Gigi D'Alessio,26,2017,Carlo Conti (conduttore televisivo),Teatro Ariston,30,,,
1513,NF,Giusy Ferreri,Fa talmente male,2017,"R. Casalino, Takagi, Ketra e P. Catalano",,Non Finalista,Giusy Ferreri,30,2017,Carlo Conti (conduttore televisivo),Teatro Ariston,30,,,
1514,NF,Ron,L'ottava meraviglia,2017,"M. Del Forno, Ron, E. Mangia e F. Caprara",,Non Finalista,Mostro,43,2015,Carlo Conti (conduttore televisivo),Teatro Ariston,30,,,
1515,NF,Nesli & Alice Paba,Do retta a te,2017,Nesli e Brando,,Non Finalista,Nesli,20,2017,Carlo Conti (conduttore televisivo),Teatro Ariston,30,,,
1516,NF,Raige e Giulia Luzi,Togliamoci la voglia,2017,"L. Chiaravalli, A. Iammarino, A. Vella e Zibba",,Non Finalista,Raige,0,2024,Carlo Conti (conduttore televisivo),Teatro Ariston,30,,,
1517,1º,Ermal Meta e Fabrizio Moro,Non mi avete fatto niente,2018,"E. Meta, F. Mobrici e A. Febo",1,Vincitore,,,,Claudio Baglioni,Teatro Ariston,28,,,
1518,2º,Lo Stato Sociale,Una vita in vacanza,2018,"A. Cazzola, F. Draicchio, L. Guenzi, A. Guidetti, E. Roberto e M. Romagnoli",2,Finalista,Lo Stato Sociale,55,2018,Claudio Baglioni,Teatro Ariston,28,,,
1519,3º,Annalisa,Il mondo prima di te,2018,"Annalisa, D. Simonetta e A. Raina",3,Finalista,Annalisa,53,2018,Claudio Baglioni,Teatro Ariston,28,,,
1520,4º,Ron,Almeno pensami,2018,L. Dalla,4,Finalista,Ron,27,2018,Claudio Baglioni,Teatro Ariston,28,,,
1521,5º,Ornella Vanoni con Bungaro e Pacifico,Imparare ad amarsi,2018,"Bungaro, Pacifico, C. Chiodo e A. Fresa",5,Finalista,"Ornella Vanoni, Bungaro, Pacifico",35,2018,Claudio Baglioni,Teatro Ariston,28,,,
1522,6°,Max Gazzè,La leggenda di Cristalda e Pizzomunno,2018,"F. Gazzè, M. Gazzè e F. De Benedittis",6,Finalista,Max Gazzè,40,2018,Claudio Baglioni,Teatro Ariston,28,,,
1523,7º,Luca Barbarossa,Passame er sale,2018,L. Barbarossa,7,Finalista,Luca Barbarossa,29,2018,Claudio Baglioni,Teatro Ariston,28,,,
1524,8º,Diodato e Roy Paci,Adesso,2018,A. Diodato,8,Finalista,Gemitaiz,55,2022,Claudio Baglioni,Teatro Ariston,28,,,
1525,9º,The Kolors,"Frida (mai, mai, mai)",2018,"D. Petrella, Dardust, A. Raina e Stash",9,Finalista,The Kolors,42,2018,Claudio Baglioni,Teatro Ariston,28,,,
1526,10º,Giovanni Caccamo,Eterno,2018,G. Caccamo e Cheope,10,Finalista,Giovanni Caccamo,35,2018,Claudio Baglioni,Teatro Ariston,28,,,
1527,11º,Le Vibrazioni,Così sbagliato,2018,"F. Sarcina, L. Chiaravalli, A. Bonomo e D. Simonetta",11,Finalista,Le Vibrazioni,46,2018,Claudio Baglioni,Teatro Ariston,28,,,
1528,12º,Enzo Avitabile con Peppe Servillo,Il coraggio di ogni giorno,2018,V. Avitabile e Pacifico,12,Finalista,Ellie Cottino,5,2022,Claudio Baglioni,Teatro Ariston,28,,,
1529,13º,Renzo Rubino,Custodire,2018,R. Rubino,13,Finalista,Renzo Rubino,14,2017,Claudio Baglioni,Teatro Ariston,28,,,
1530,14º,Noemi,Non smettere mai di cercarmi,2018,"M. Pelan, Noemi, D. Calvetti e F. De Martino",14,Finalista,Noemi,32,2018,Claudio Baglioni,Teatro Ariston,28,,,
1531,15º,Red Canzian,Ognuno ha il suo racconto,2018,M. Porru e R. Canzian,15,Finalista,Red Canzian,16,2018,Claudio Baglioni,Teatro Ariston,28,,,
1532,16º,Decibel,Lettera dal Duca,2018,"E. Ruggeri, F. Muzio e S. Capeccia",16,Finalista,Decibel,17,2018,Claudio Baglioni,Teatro Ariston,28,,,
1533,17º,Nina Zilli,Senza appartenere,2018,"G. Angi, A. Iammarino e N. Zilli",17,Finalista,Nina Zilli,24,2018,Claudio Baglioni,Teatro Ariston,28,,,
1534,18º,Roby Facchinetti e Riccardo Fogli,Il segreto del tempo,2018,Pacifico e R. Facchinetti,18,Finalista,Roby Facchinetti,17,2018,Claudio Baglioni,Teatro Ariston,28,,,
1535,19º,Mario Biondi,Rivederti,2018,"M. Biondi, G. Furnari e D. Fisicaro",19,Finalista,Claudio Villa,0,2021,Claudio Baglioni,Teatro Ariston,28,,,
1536,20º,Elio e le Storie Tese,Arrivedorci,2018,"S. Belisari, S. Conforti, D. Civaschi e N. Fasani",20,Finalista,Elio e le Storie Tese,26,2018,Claudio Baglioni,Teatro Ariston,28,,,
1537,1º,Mahmood,Soldi,2019,Mahmood,1,Vincitore,,,,Claudio Baglioni,Teatro Ariston,24,,,
1538,2º,Ultimo,I tuoi particolari,2019,Ultimo,2,Finalista,Ultimo,64,2019,Claudio Baglioni,Teatro Ariston,24,,,
1539,3º,Il Volo,Musica che resta,2019,"G. Nannini, E. Munda, P. Romitelli, P. Mammaro e A. Carozza",3,Finalista,Il Volo,33,2019,Claudio Baglioni,Teatro Ariston,24,,,
1540,4º,Loredana Bertè,Cosa ti aspetti da me,2019,"G. Curreri, G. Pulli e P. Romitelli",4,Finalista,Loredana Bertè,46,2019,Claudio Baglioni,Teatro Ariston,24,,,
1541,5º,Simone Cristicchi,Abbi cura di me,2019,"S. Cristicchi, N. Brunialti e G. Ortenzi",5,Finalista,Simone Cristicchi,36,2019,Claudio Baglioni,Teatro Ariston,24,,,
1542,6º,Daniele Silvestri,Argentovivo,2019,"D. Silvestri, T. Iurcich, F. Rondanini e M. Agnelli",6,Finalista,Daniele Silvestri,35,2019,Claudio Baglioni,Teatro Ariston,24,,,
1543,7º,Irama,La ragazza con il cuore di latta,2019,"Irama, G. Colonnelli, A. Debernardi e G. Nenna",7,Finalista,Irama,55,2019,Claudio Baglioni,Teatro Ariston,24,,,
1544,8º,Arisa,Mi sento bene,2019,"M. Buzzanca, L. Vizzini, R. Pippa e A. Flora",8,Finalista,Salmo,48,2021,Claudio Baglioni,Teatro Ariston,24,,,
1545,9º,Achille Lauro,Rolls Royce,2019,"A. Lauro, D. Petrella, D. Dezi, D. Mungai e Boss Doms",9,Finalista,Achille Lauro,53,2020,Claudio Baglioni,Teatro Ariston,24,,,
1546,10º,Enrico Nigiotti,Nonno Hollywood,2019,E. Nigiotti,10,Finalista,Enrico Nigiotti,54,2019,Claudio Baglioni,Teatro Ariston,24,,,
1547,11º,Boomdabash,Per un milione,2019,"F. Abbate, R. Pagliarulo, A. Rapetti, A. Cisternino, A. Merli e F. Clemente",11,Finalista,Boomdabash,62,2019,Claudio Baglioni,Teatro Ariston,24,,,
1548,12º,Ghemon,Rose viola,2019,Ghemon e Zef,12,Finalista,Ghemon,41,2019,Claudio Baglioni,Teatro Ariston,24,,,
1549,13º,Ex-Otago,Solo una canzone,2019,"M. Carucci, S. Bertuccini, F. Bacci, O. Martellacci e R. Bouchabla",13,Finalista,Ex-Otago,44,2019,Claudio Baglioni,Teatro Ariston,24,,,
1550,14º,Motta,Dov'è l'Italia,2019,F. Motta,14,Finalista,Motta,27,2019,Claudio Baglioni,Teatro Ariston,24,,,
1551,15º,Francesco Renga,Aspetto che torni,2019,"Bungaro, F. Renga, C. Chiodo, Rakele e G. Runco",15,Finalista,Francesco Renga,26,2019,Claudio Baglioni,Teatro Ariston,24,,,
1552,16º,Paola Turci,L'ultimo ostacolo,2019,"P. Turci, L. Chiaravalli, S. Marletta ed E. Roberts",16,Finalista,Paola Turci,26,2019,Claudio Baglioni,Teatro Ariston,24,,,
1553,17º,The Zen Circus,L'amore è una dittatura,2019,"A. Appino, G. P. Cuccuru e M. Schiavelli",17,Finalista,The Zen Circus,33,2019,Claudio Baglioni,Teatro Ariston,24,,,
1554,18º,Federica Carta e Shade,Senza farlo apposta,2019,"Shade, J. Ettorre, Jaro",18,Finalista,Shade,48,2019,Claudio Baglioni,Teatro Ariston,24,,,
1555,19º,Nek,Mi farò trovare pronto,2019,"Nek, P. Antonacci e L. Chiaravalli",19,Finalista,Nek,24,2019,Claudio Baglioni,Teatro Ariston,24,,,
1556,20º,Negrita,I ragazzi stanno bene,2019,"P. Bruni, C. Petricich, E. Salvi, F. Barbacci, L. Cilembrini e G. Gagliano",20,Finalista,Negrita,31,2019,Claudio Baglioni,Teatro Ariston,24,,,
1557,21º,Patty Pravo con Briga,Un po' come la vita,2019,"M. Rettani, D. Calvetti, Zibba, Briga e L. Leonori",21,Finalista,Patty Pravo,23,2019,Claudio Baglioni,Teatro Ariston,24,,,
1558,22º,Anna Tatangelo,Le nostre anime di notte,2019,L. Vizzini,22,Finalista,Anna Tatangelo,22,2019,Claudio Baglioni,Teatro Ariston,24,,,
1559,23º,Einar,Parole nuove,2019,"A. Maiello, E. Palmosi e N. Marotta",23,Finalista,Matteo Branciamore,39,2010,Claudio Baglioni,Teatro Ariston,24,,,
1560,24º,Nino D'Angelo e Livio Cori,Un'altra luce,2019,"L. Cori, N. D'Angelo, F. Fogliano, M. Dagani, G. Fracchiolla",24,Finalista,Nino D'Angelo,26,2019,Claudio Baglioni,Teatro Ariston,24,,,
1561,1º,Diodato,Fai rumore,2020,Diodato e E. Roberts,1,Vincitore,,,,Amadeus (conduttore televisivo),Teatro Ariston,32,,,
1562,2º,Francesco Gabbani,Viceversa,2020,F. Gabbani e Pacifico,2,Finalista,Francesco Gabbani,62,2020,Amadeus (conduttore televisivo),Teatro Ariston,32,,,
1563,3º,Pinguini Tattici Nucleari,Ringo Starr,2020,R. Zanotti,3,Finalista,Pinguini Tattici Nucleari,65,2020,Amadeus (conduttore televisivo),Teatro Ariston,32,,,
1564,4º,Le Vibrazioni,Dov'è,2020,"R. Casalino, D. Simonetta e F. Sarcina",4,Finalista,Le Vibrazioni,54,2020,Amadeus (conduttore televisivo),Teatro Ariston,32,,,
1565,5º,Piero Pelù,Gigante,2020,P. Pelù e L. Chiaravalli,5,Finalista,Piero Pelù,39,2020,Amadeus (conduttore televisivo),Teatro Ariston,32,,,
1566,6º,Tosca,Ho amato tutto,2020,P. Cantarelli,6,Finalista,Tosca,33,2020,Amadeus (conduttore televisivo),Teatro Ariston,32,,,
1567,7º,Elodie,Andromeda,2020,Mahmood e Dardust,7,Finalista,Elodie,51,2020,Amadeus (conduttore televisivo),Teatro Ariston,32,,,
1568,8º,Achille Lauro,Me ne frego,2020,"A. Lauro, D. Petrella, D. Dezi, D. Mungai, M. Ciceroni ed E. Manozzi",8,Finalista,Achille Lauro,51,2020,Amadeus (conduttore televisivo),Teatro Ariston,32,,,
1569,9º,Irene Grandi,Finalmente io,2020,"V. Rossi, R. Casini, A. Righi e G. Curreri",9,Finalista,Irene Grandi,34,2020,Amadeus (conduttore televisivo),Teatro Ariston,32,,,
1570,10º,Rancore,Eden,2020,Rancore e Dardust,10,Finalista,Rancore,41,2022,Amadeus (conduttore televisivo),Teatro Ariston,32,,,
1571,11º,Raphael Gualazzi,Carioca,2020,"R. Gualazzi, D. Petrella e D. Pavanello",11,Finalista,Izi,43,2019,Amadeus (conduttore televisivo),Teatro Ariston,32,,,
1572,12º,Levante,Tikibombom,2020,Levante,12,Finalista,Levante,50,2020,Amadeus (conduttore televisivo),Teatro Ariston,32,,,
1573,13º,Anastasio,Rosso di rabbia,2020,"Anastasio, L. Serventi, M. Azara e S. Tartaglini",13,Finalista,Anastasio,33,2020,Amadeus (conduttore televisivo),Teatro Ariston,32,,,
1574,14º,Alberto Urso,Il sole ad est,2020,P. Romitelli e G. Pulli,14,Finalista,Alberto Urso,29,2020,Amadeus (conduttore televisivo),Teatro Ariston,32,,,
1575,15º,Marco Masini,Il confronto,2020,"M. Masini, F. Camba e D. Coro",15,Finalista,Marco Masini,39,2020,Amadeus (conduttore televisivo),Teatro Ariston,32,,,
1576,16º,Paolo Jannacci,Voglio parlarti adesso,2020,"A. Bonomo, P. Jannacci, E. Bassi e M. Bassi",16,Finalista,Paolo Jannacci,20,2020,Amadeus (conduttore televisivo),Teatro Ariston,32,,,
1577,17º,Rita Pavone,Niente (Resilienza 74),2020,G. Merk,17,Finalista,Rita Pavone,24,2020,Amadeus (conduttore televisivo),Teatro Ariston,32,,,
1578,18º,Michele Zarrillo,Nell'estasi o nel fango,2020,V. Parisse e M. Zarrillo,18,Finalista,Michele Zarrillo,26,2020,Amadeus (conduttore televisivo),Teatro Ariston,32,,,
1579,19º,Enrico Nigiotti,Baciami adesso,2020,E. Nigiotti,19,Finalista,Enrico Nigiotti,52,2020,Amadeus (conduttore televisivo),Teatro Ariston,32,,,
1580,20º,Giordana Angi,Come mia madre,2020,G. Angi e M. Finotti,20,Finalista,Giordana Angi,25,2020,Amadeus (conduttore televisivo),Teatro Ariston,32,,,
1581,21º,Elettra Lamborghini,Musica (e il resto scompare),2020,M. Canova Iorfida e D. Petrella,21,Finalista,Elettra Lamborghini,48,2020,Amadeus (conduttore televisivo),Teatro Ariston,32,,,
1582,22º,Junior Cally,No grazie,2020,"J. Cally, J. Ettorre, F. Mercuri, G. Cremona, E. Maimone e L. Grillotti",22,Finalista,Pacman XII,6,2018,Amadeus (conduttore televisivo),Teatro Ariston,32,,,
1583,23º,Riki,Lo sappiamo entrambi,2020,R. Marcuzzo e R. Scirè,23,Finalista,RIKI,29,2020,Amadeus (conduttore televisivo),Teatro Ariston,32,,,
1584,Esclusi,Bugo e Morgan,Sincero,2020,"Bugo, Morgan, A. Bonomo e S. Bertolotti",,Escluso,Tony Boy,35,2019,Amadeus (conduttore televisivo),Teatro Ariston,32,,,
1585,1º,Måneskin,Zitti e buoni,2021,"D. David, T. Raggi, V. De Angelis e E. Torchio",1,Vincitore,,,,Amadeus (conduttore televisivo),Teatro Ariston,34,,,
1586,2º,Francesca Michielin e Fedez,Chiamami per nome,2021,"F. Michielin, Fedez, J. D'Amico, A. Mahmoud, A. Raina e D. Simonetta",2,Finalista,Francesca Michielin,55,2021,Amadeus (conduttore televisivo),Teatro Ariston,34,,,
1587,3º,Ermal Meta,Un milione di cose da dirti,2021,E. Meta e R. Cardelli,3,Finalista,Ermal Meta,47,2021,Amadeus (conduttore televisivo),Teatro Ariston,34,,,
1588,4º,Colapesce Dimartino,Musica leggerissima,2021,Colapesce e DiMartino,4,Finalista,Colapesce,63,2021,Amadeus (conduttore televisivo),Teatro Ariston,34,,,
1589,5º,Irama[20],La genesi del tuo colore,2021,"Irama, Dardust e G. Nenna",5,Finalista,Irama,57,2021,Amadeus (conduttore televisivo),Teatro Ariston,34,,,
1590,6º,Willie Peyote,Mai dire mai (la locura),2021,"W. Peyote, C. Cavalieri D'Oro, D. Bestonzo e G. Petrelli",6,Finalista,Willie Peyote,51,2021,Amadeus (conduttore televisivo),Teatro Ariston,34,,,
1591,7º,Annalisa,Dieci,2021,"Annalisa, D. Simonetta, P. Antonacci e J. D'Amico",7,Finalista,Annalisa,54,2021,Amadeus (conduttore televisivo),Teatro Ariston,34,,,
1592,8º,Madame,Voce,2021,"Madame, Dardust e E. Botta",8,Finalista,Madame,56,2021,Amadeus (conduttore televisivo),Teatro Ariston,34,,,
1593,9º,Orietta Berti,Quando ti sei innamorato,2021,"F. Boccia, C. Esposito e M. Rettani",9,Finalista,Orietta Berti,29,2021,Amadeus (conduttore televisivo),Teatro Ariston,34,,,
1594,10º,Arisa,Potevi fare di più,2021,G. D'Alessio,10,Finalista,Arisa,42,2021,Amadeus (conduttore televisivo),Teatro Ariston,34,,,
1595,11º,La Rappresentante di Lista,Amare,2021,"V. Lucchesi, D. Mangiaracina, Dardust e R. Cammarata",11,Finalista,Ultimo,53,2023,Amadeus (conduttore televisivo),Teatro Ariston,34,,,
1596,12º,Extraliscio feat. Davide Toffolo,Bianca luce nera,2021,"M. Mariani, Pacifico e E. Sgarbi",12,Finalista,EXTRALISCIO,25,2021,Amadeus (conduttore televisivo),Teatro Ariston,34,,,
1597,13º,Lo Stato Sociale,Combat pop,2021,"A. Cazzola, F. Draicchio, J. Ettorre, L. Guenzi, A. Guidetti, E. Roberto e M. Romagnoli",13,Finalista,Gabriele Felici,0,2021,Amadeus (conduttore televisivo),Teatro Ariston,34,,,
1598,14º,Noemi,Glicine,2021,"Tattroli[22], G. Lubrano, D. Faini e F. Fugazza",14,Finalista,Noemi,46,2021,Amadeus (conduttore televisivo),Teatro Ariston,34,,,
1599,15º,Malika Ayane,Ti piaci così,2021,"M. Ayane, Pacifico, A. Flora e R. Rampino",15,Finalista,Malika Ayane,32,2021,Amadeus (conduttore televisivo),Teatro Ariston,34,,,
1600,16º,Fulminacci,Santa Marinella,2021,Fulminacci,16,Finalista,Fulminacci,52,2021,Amadeus (conduttore televisivo),Teatro Ariston,34,,,
1601,17º,Max Gazzè,Il farmacista,2021,"F. Gazzè, M. Gazzè e F. De Benedittis",17,Finalista,Max Gazzè,32,2021,Amadeus (conduttore televisivo),Teatro Ariston,34,,,
1602,18º,Fasma,Parlami,2021,Fasma e L. Zammarano,18,Finalista,Fasma,60,2021,Amadeus (conduttore televisivo),Teatro Ariston,34,,,
1603,19º,Gaia,Cuore amaro,2021,"Gaia, J. Ettorre, G. Spedicato e D. Dezi",19,Finalista,Gaia,37,2021,Amadeus (conduttore televisivo),Teatro Ariston,34,,,
1604,20º,Coma_Cose,Fiamme negli occhi,2021,"F. Zanardelli, F. Mesiano, F. Dalè e C. Frigerio",20,Finalista,Coma_Cose,58,2021,Amadeus (conduttore televisivo),Teatro Ariston,34,,,
1605,21º,Ghemon,Momento perfetto,2021,"Ghemon, S. Privitera, G. Seccia e D. Raciti",21,Finalista,Ghemon,35,2021,Amadeus (conduttore televisivo),Teatro Ariston,34,,,
1606,22º,Francesco Renga,Quando trovo te,2021,"F. Renga, R. Casalino e Dardust",22,Finalista,Francesco Renga,32,2021,Amadeus (conduttore televisivo),Teatro Ariston,34,,,
1607,23º,Gio Evan,Arnica,2021,G. Evan e F. Catitti,23,Finalista,Gio Evan,38,2021,Amadeus (conduttore televisivo),Teatro Ariston,34,,,
1608,24º,Bugo,E invece sì,2021,"Bugo, A. Bonomo e S. Bertolotti",24,Finalista,Bugo,26,2021,Amadeus (conduttore televisivo),Teatro Ariston,34,,,
1609,25º,Aiello,Ora,2021,Aiello,25,Finalista,Sfera Ebbasta,62,2023,Amadeus (conduttore televisivo),Teatro Ariston,34,,,
1610,26º,Random,Torno a te,2021,Random e Zenit,26,Finalista,Random,31,2021,Amadeus (conduttore televisivo),Teatro Ariston,34,,,
1611,1º,Mahmood e Blanco,Brividi,2022,"Mahmood, Blanco e Michelangelo",1,Vincitore,Mahmood,65,2022,Amadeus (conduttore televisivo),Teatro Ariston,25,,,
1612,2º,Elisa,O forse sei tu,2022,Elisa e D. Petrella,2,Finalista,Elisa,59,2022,Amadeus (conduttore televisivo),Teatro Ariston,25,,,
1613,3º,Gianni Morandi,Apri tutte le porte,2022,L. Jovanotti e R. Onori,3,Finalista,Gianni Morandi,44,2022,Amadeus (conduttore televisivo),Teatro Ariston,25,,,
1614,4º,Irama,Ovunque sarai,2022,"Irama, G. Nenna, Shablo, V. L. Faraone e G. Colonnelli",4,Finalista,Irama,58,2022,Amadeus (conduttore televisivo),Teatro Ariston,25,,,
1615,5º,Sangiovanni,Farfalle,2022,"Sangiovanni, A. La Cava e S. Tognini",5,Finalista,sangiovanni,58,2022,Amadeus (conduttore televisivo),Teatro Ariston,25,,,
1616,6º,Emma,Ogni volta è così,2022,"D. Petrella, Emma e D. Faini",6,Finalista,Emma,48,2022,Amadeus (conduttore televisivo),Teatro Ariston,25,,,
1617,7º,La Rappresentante di Lista,Ciao ciao,2022,"V. Lucchesi, D. Mangiaracina, R. Calabrese, R. Cammarata, C. Drago e S. Privitera",7,Finalista,La rappresentante di lista,57,2022,Amadeus (conduttore televisivo),Teatro Ariston,25,,,
1618,8º,Massimo Ranieri,Lettera di là dal mare,2022,F. Ilacqua,8,Finalista,Massimo Ranieri,35,2022,Amadeus (conduttore televisivo),Teatro Ariston,25,,,
1619,9º,Dargen D'Amico,Dove si balla,2022,"D. D'Amico, E. Roberts, G. Fazio e A. Bonomo",9,Finalista,Dargen D'Amico,60,2022,Amadeus (conduttore televisivo),Teatro Ariston,25,,,
1620,10º,Michele Bravi,Inverno dei fiori,2022,"A. A. Vella, M. Bravi, Cheope, F. Catitti e F. Abbate",10,Finalista,Michele Bravi,49,2022,Amadeus (conduttore televisivo),Teatro Ariston,25,,,
1621,11º,Matteo Romano,Virale,2022,"M. Romano, A. La Cava, F. Rossi e D. Faini",11,Finalista,Matteo Romano,53,2022,Amadeus (conduttore televisivo),Teatro Ariston,25,,,
1622,12º,Fabrizio Moro,Sei tu,2022,F. Mobrici e R. Cardelli,12,Finalista,Andrew Underberg,61,2024,Amadeus (conduttore televisivo),Teatro Ariston,25,,,
1623,13º,AKA 7even,Perfetta così,2022,"AKA 7even, V. Colella, M. E. Kleinschmidt, G. Vizzi e R. L. Patriarca",13,Finalista,Aka 7even,48,2022,Amadeus (conduttore televisivo),Teatro Ariston,25,,,
1624,14º,Achille Lauro con Harlem Gospel Choir,Domenica,2022,"A. Lauro, S. P. Manzari, D. Petrella, M. Ciceroni, M. Cutolo e G. Calculli",14,Finalista,Coez,62,2019,Amadeus (conduttore televisivo),Teatro Ariston,25,,,
1625,15º,Noemi,Ti amo non lo so dire,2022,"A. La Cava, Mahmood e D. Faini",15,Finalista,Noemi,45,2022,Amadeus (conduttore televisivo),Teatro Ariston,25,,,
1626,16º,Ditonellapiaga e Rettore,Chimica,2022,"Ditonellapiaga, Rettore, A. Casagni, B. Ventura, E. Castroni e V. Smordoni",16,Finalista,Donatella Rettore,32,2022,Amadeus (conduttore televisivo),Teatro Ariston,25,,,
1627,17º,Rkomi,Insuperabile,2022,"Rkomi, A. La Cava e F. Catitti",17,Finalista,Rkomi,60,2022,Amadeus (conduttore televisivo),Teatro Ariston,25,,,
1628,18º,Iva Zanicchi,Voglio amarti,2022,"E. Di Stefano, V. Mercurio, I. Ianne e C. Valli",18,Finalista,,,,Amadeus (conduttore televisivo),Teatro Ariston,25,,,
1629,19º,Giovanni Truppi,"Tuo padre, mia madre, Lucia",2022,"G. Truppi, N. Contessa, Pacifico, M. Buccelli e G. Pallotti",19,Finalista,Giovanni Truppi,28,2022,Amadeus (conduttore televisivo),Teatro Ariston,25,,,
1630,20º,Highsnob e Hu,Abbi cura di te,2022,"Highsnob, Hu, A. Moroni, F. De Marco e F. Musumeci",20,Finalista,Highsnob,47,2022,Amadeus (conduttore televisivo),Teatro Ariston,25,,,
1631,21º,Yuman,Ora e qui,2022,"T. Di Giulio, F. Cataldo e Yuman",21,Finalista,Gruppo Palude,0,2021,Amadeus (conduttore televisivo),Teatro Ariston,25,,,
1632,22º,Le Vibrazioni,Tantissimo,2022,"R. Casalino, F. Sarcina e N. Verrienti",22,Finalista,Le Vibrazioni,43,2022,Amadeus (conduttore televisivo),Teatro Ariston,25,,,
1633,23º,Giusy Ferreri,Miele,2022,"D. Petrella, F. Abbate, F. Clemente e A. Merli",23,Finalista,Gigi D'Alessio,49,2002,Amadeus (conduttore televisivo),Teatro Ariston,25,,,
1634,24º,Ana Mena,Duecentomila ore,2022,"R. Hunt, F. Abbate e S. Tognini",24,Finalista,Ana Mena,49,2022,Amadeus (conduttore televisivo),Teatro Ariston,25,,,
1635,25º,Tananai,Sesso occasionale,2022,"Tananai, D. Simonetta, P. Antonacci e A. Raina",25,Finalista,Tananai,60,2022,Amadeus (conduttore televisivo),Teatro Ariston,25,,,
1636,1º,Marco Mengoni,Due vite,2023,"M. Mengoni, D. Petrella e D. Simonetta",1,Vincitore,,,,Amadeus (conduttore televisivo),Teatro Ariston,28,,,
1637,2º,Lazza,Cenere,2023,"Lazza, D. Petrella e Dardust",2,Finalista,Lazza,70,2022,Amadeus (conduttore televisivo),Teatro Ariston,28,,,
1638,3º,Mr. Rain,Supereroi,2023,"Mr. Rain, F. Abbate e L. Vizzini",3,Finalista,Mr.Rain,70,2023,Amadeus (conduttore televisivo),Teatro Ariston,28,,,
1639,4º,Ultimo,Alba,2023,Ultimo,4,Finalista,Vasco Rossi,56,1984,Amadeus (conduttore televisivo),Teatro Ariston,28,,,
1640,5º,Tananai,Tango,2023,"Tananai, P. Antonacci, A. Raina e D. Simonetta",5,Finalista,Tananai,68,2022,Amadeus (conduttore televisivo),Teatro Ariston,28,,,
1641,6º,Giorgia,Parole dette male,2023,"A. Bianco, F. Roccati, M. Dagani e M. M. G. Fracchiolla",6,Finalista,Giorgia,47,2023,Amadeus (conduttore televisivo),Teatro Ariston,28,,,
1642,7º,Madame,Il bene nel male,2023,"Madame, N. Biasin e I. Sinigaglia",7,Finalista,Madame,62,2023,Amadeus (conduttore televisivo),Teatro Ariston,28,,,
1643,8º,Rosa Chemical,Made in Italy,2023,"Rosa Chemical, P. Antonacci, O. Inglese e D. Simonetta",8,Finalista,Rosa Chemical,62,2023,Amadeus (conduttore televisivo),Teatro Ariston,28,,,
1644,9º,Elodie,Due,2023,"Elodie, F. Abbate, J. Ettorre e F. Catitti",9,Finalista,Marco Mengoni,67,2023,Amadeus (conduttore televisivo),Teatro Ariston,28,,,
1645,10º,Colapesce Dimartino,Splash,2023,Colapesce e Dimartino,10,Finalista,MV Killa,56,2020,Amadeus (conduttore televisivo),Teatro Ariston,28,,,
1646,11º,Modà,Lasciami,2023,F. Silvestre e E. Palmosi,11,Finalista,Modà,52,2023,Amadeus (conduttore televisivo),Teatro Ariston,28,,,
1647,12º,Gianluca Grignani,Quando ti manca il fiato,2023,G. Grignani ed E. Melozzi,12,Finalista,Gianluca Grignani,45,2023,Amadeus (conduttore televisivo),Teatro Ariston,28,,,
1648,13º,Coma_Cose,L'addio,2023,"F. Zanardelli, F. Mesiano, F. Dalè e C. Frigerio",13,Finalista,Giuni Russo,30,1981,Amadeus (conduttore televisivo),Teatro Ariston,28,,,
1649,14º,Ariete,Mare di guai,2023,"Ariete, Calcutta, Dardust e V. Centrella",14,Finalista,ARIETE,55,2023,Amadeus (conduttore televisivo),Teatro Ariston,28,,,
1650,15º,LDA,Se poi domani,2023,"LDA, F. D'Alessio e A. Caiazza",15,Finalista,LDA,50,2023,Amadeus (conduttore televisivo),Teatro Ariston,28,,,
1651,16º,Articolo 31,Un bel viaggio,2023,"J-Ax, Grido, F. Abbate, DJ Jad, Wlady, A. Colangelo e D. Silvestri",16,Finalista,Articolo 31,54,2023,Amadeus (conduttore televisivo),Teatro Ariston,28,,,
1652,17º,Paola & Chiara,Furore,2023,"J. Ettorre, A. La Cava, P. Iezzi, C. Iezzi, F. Mercuri, G. Cremona, L. Grillotti ed E. Maimone",17,Finalista,Paola & Chiara,55,2023,Amadeus (conduttore televisivo),Teatro Ariston,28,,,
1653,18º,Leo Gassmann,Terzo cuore,2023,"R. Zanotti, L. Gassmann, G. Pesenti e M. Paganelli",18,Finalista,Leo Gassmann,49,2023,Amadeus (conduttore televisivo),Teatro Ariston,28,,,
1654,19º,Mara Sattei,Duemilaminuti,2023,"D. David, D. Mattei ed E. Brun",19,Finalista,Mara Sattei,62,2023,Amadeus (conduttore televisivo),Teatro Ariston,28,,,
1655,20º,Colla Zio,Non mi va,2023,"T. Bernasconi, T. Manzoni, A. Arminio, A. Malatesta, F. Lamperti e G. Pesenti",20,Finalista,Colla Zio,46,2023,Amadeus (conduttore televisivo),Teatro Ariston,28,,,
1656,21º,Cugini di Campagna,Lettera 22,2023,"V. Lucchesi, D. Mangiaracina e F. Gargiulo",21,Finalista,Cugini Di Campagna,45,2023,Amadeus (conduttore televisivo),Teatro Ariston,28,,,
1657,22º,Gianmaria,Mostro,2023,"Gianmaria, G. Manilardi, V. Petrozzino, A. Filippelli e V. Centrella",22,Finalista,Mostro,60,2017,Amadeus (conduttore televisivo),Teatro Ariston,28,,,
1658,23º,Levante,Vivo,2023,Levante,23,Finalista,Andrea Bocelli,54,1995,Amadeus (conduttore televisivo),Teatro Ariston,28,,,
1659,24º,Olly,Polvere,2023,"Olly, E. Lovito e J. Boverod",24,Finalista,Tedua,63,2020,Amadeus (conduttore televisivo),Teatro Ariston,28,,,
1660,25º,Anna Oxa,Sali (canto dell'anima),2023,"A. Oxa, F. Bianconi, Kaballà e F. Zanotti",25,Finalista,Anna Oxa,42,2023,Amadeus (conduttore televisivo),Teatro Ariston,28,,,
1661,26º,Will,Stupido,2023,"Will, S. Cremonini e A. Pugliese",26,Finalista,Massimo Pericolo,67,2021,Amadeus (conduttore televisivo),Teatro Ariston,28,,,
1662,27º,Shari,Egoista,2023,"Shari, M. Pisciottu, L. Fenudi e R. Puddu",27,Finalista,Shari,45,2023,Amadeus (conduttore televisivo),Teatro Ariston,28,,,
1663,28º,Sethu,Cause perse,2023,M. De Lauri e G. De Lauri,28,Finalista,Sethu,44,2023,Amadeus (conduttore televisivo),Teatro Ariston,28,,,